-- Generated by npm run seed:export on 2026-02-23T16:38:47.099955Z
-- DO NOT EDIT MANUALLY. Regenerate with: npm run seed:full

BEGIN;

-- Idempotent delete (run before applying seed)
DO $$
DECLARE org_id text;
BEGIN
  SELECT id INTO org_id FROM organization WHERE slug = 'demo';
  IF org_id IS NOT NULL THEN
    DELETE FROM training_enrollments WHERE organization_id = org_id;
    DELETE FROM training_sessions WHERE organization_id = org_id;
    DELETE FROM training_courses WHERE organization_id = org_id;
    DELETE FROM transactions WHERE organization_id = org_id;
    DELETE FROM rentals WHERE organization_id = org_id;
    DELETE FROM service_records WHERE organization_id = org_id;
    DELETE FROM customer_communications WHERE organization_id = org_id;
    DELETE FROM gallery_images WHERE organization_id = org_id;
    DELETE FROM bookings WHERE organization_id = org_id;
    DELETE FROM trips WHERE organization_id = org_id;
    DELETE FROM tour_dive_sites WHERE organization_id = org_id;
    DELETE FROM tours WHERE organization_id = org_id;
    DELETE FROM equipment WHERE organization_id = org_id;
    DELETE FROM customer_credentials WHERE organization_id = org_id;
    DELETE FROM customer_sessions WHERE organization_id = org_id;
    DELETE FROM customers WHERE organization_id = org_id;
    DELETE FROM gallery_albums WHERE organization_id = org_id;
  END IF;
END $$;

--
-- PostgreSQL database dump
--

\restrict V4pb0ASGuXsvrTEeEbWUllztvKEaJxBN4IVbpZHsCxd9bOQopslCYQOVlQQdzCo

-- Dumped from database version 16.12
-- Dumped by pg_dump version 16.12

SET statement_timeout = 0;
SET lock_timeout = 0;
SET idle_in_transaction_session_timeout = 0;
SET client_encoding = 'UTF8';
SET standard_conforming_strings = on;
SELECT pg_catalog.set_config('search_path', '', false);
SET check_function_bodies = false;
SET xmloption = content;
SET client_min_messages = warning;
SET row_security = off;

--
-- Data for Name: customers; Type: TABLE DATA; Schema: public; Owner: -
--

COPY public.customers (id, organization_id, email, first_name, last_name, phone, date_of_birth, emergency_contact_name, emergency_contact_phone, emergency_contact_relation, medical_conditions, medications, certifications, address, city, state, postal_code, country, preferred_language, marketing_opt_in, notes, tags, total_dives, total_spent, last_dive_at, created_at, updated_at, has_account) FROM stdin;
f56c15a1-4667-4372-a9d8-594837ea9a6b	fb382836-e973-4917-b820-f684ca266dbc	sarah.johnson@example.com	Sarah	Johnson	+1-305-555-0101	1985-03-15	David Johnson	+1-305-555-0201	Spouse	\N	\N	[{"level": "Advanced Open Water", "agency": "PADI"}]	\N	\N	\N	\N	\N	en	f	\N	\N	0	0.00	\N	2026-02-23 16:37:08.957418	2026-02-23 16:37:08.957418	f
855a20f2-a96c-4602-8bfa-89521e8a6b94	fb382836-e973-4917-b820-f684ca266dbc	emma.davis@example.com	Emma	Davis	+1-305-555-0103	1992-11-08	Tom Davis	+1-305-555-0203	Parent	\N	\N	[{"level": "Open Water", "agency": "SSI"}]	\N	\N	\N	\N	\N	en	f	\N	\N	0	0.00	\N	2026-02-23 16:37:10.012112	2026-02-23 16:37:10.012112	f
d5c1fc98-072f-44c1-b014-363005fec919	fb382836-e973-4917-b820-f684ca266dbc	olivia.brown@example.com	Olivia	Brown	+1-305-555-0105	1990-05-12	Henry Brown	+1-305-555-0205	Parent	\N	\N	[{"level": "Open Water", "agency": "NAUI"}]	\N	\N	\N	\N	\N	en	f	\N	\N	0	0.00	\N	2026-02-23 16:37:11.133692	2026-02-23 16:37:11.133692	f
ee065029-4008-46f5-b5fb-1e64e236e517	fb382836-e973-4917-b820-f684ca266dbc	sophie.taylor@example.com	Sophie	Taylor	+1-305-555-0107	1988-02-14	John Taylor	+1-305-555-0207	Parent	\N	\N	[{"level": "Advanced Open Water", "agency": "SSI"}]	\N	\N	\N	\N	\N	en	f	\N	\N	0	0.00	\N	2026-02-23 16:37:12.219699	2026-02-23 16:37:12.219699	f
2d3c661e-7dbf-4e78-92a1-537b9a8e0d20	fb382836-e973-4917-b820-f684ca266dbc	akira.tanaka@example.com	Akira	Tanaka	+81-90-5555-0111	1986-04-20	Yoko Tanaka	+81-90-5555-0211	Spouse	\N	\N	[{"level": "Advanced Open Water", "agency": "PADI"}]	\N	\N	\N	\N	\N	en	f	\N	\N	0	0.00	\N	2026-02-23 16:37:14.308659	2026-02-23 16:37:14.308659	f
08081589-e769-467b-b9c0-81b930e8135c	fb382836-e973-4917-b820-f684ca266dbc	elena.petrov@example.com	Elena	Petrov	+7-495-555-0112	1989-10-15	Ivan Petrov	+7-495-555-0212	Parent	\N	\N	[{"level": "Open Water", "agency": "CMAS"}]	\N	\N	\N	\N	\N	en	f	\N	\N	0	0.00	\N	2026-02-23 16:37:14.809245	2026-02-23 16:37:14.809245	f
1b7feb0b-1477-4349-843f-a4173da411fe	fb382836-e973-4917-b820-f684ca266dbc	carlos.silva@example.com	Carlos	Silva	+55-11-5555-0115	1984-03-28	Lucia Silva	+55-11-5555-0215	Spouse	\N	\N	[{"level": "Advanced Open Water", "agency": "PADI"}]	\N	\N	\N	\N	\N	en	f	\N	\N	0	0.00	\N	2026-02-23 16:37:16.381666	2026-02-23 16:37:16.381666	f
bfbdfb15-892f-4809-9f7a-5342a68a6913	fb382836-e973-4917-b820-f684ca266dbc	yuki.nakamura@example.com	Yuki	Nakamura	+81-90-5555-0116	1991-09-05	Kenji Nakamura	+81-90-5555-0216	Parent	\N	\N	[{"level": "Open Water", "agency": "PADI"}]	\N	\N	\N	\N	\N	en	f	\N	\N	0	0.00	\N	2026-02-23 16:37:16.894381	2026-02-23 16:37:16.894381	f
29a1381b-8c0c-4f64-babb-4eb36f5e90e5	f7b61d99-4d2f-46d8-9566-f68689f8dabb	test-customer-1771734547361@example.com	Test	Customer	555-1234	\N	\N	\N	\N	\N	\N	\N	\N	\N	\N	\N	\N	en	f	\N	\N	0	0.00	\N	2026-02-22 04:34:02.811102	2026-02-22 04:34:02.811102	f
a99bf715-c662-47bc-b0e7-f94e27b5769c	f7b61d99-4d2f-46d8-9566-f68689f8dabb	test-customer-1771734899647@example.com	Test	Customer	555-1234	\N	\N	\N	\N	\N	\N	\N	\N	\N	\N	\N	\N	en	f	\N	\N	0	0.00	\N	2026-02-22 04:37:45.92041	2026-02-22 04:37:45.92041	f
4984e97f-a9c7-4f38-a669-74ae074b2c0d	f7b61d99-4d2f-46d8-9566-f68689f8dabb	test-customer-1771737318543@example.com	Test	Customer	555-1234	\N	\N	\N	\N	\N	\N	\N	\N	\N	\N	\N	\N	en	f	\N	\N	0	0.00	\N	2026-02-22 05:21:07.433041	2026-02-22 05:21:07.433041	f
303aad51-b7e5-4fa0-b4e4-34a6ad2d0797	f7b61d99-4d2f-46d8-9566-f68689f8dabb	test-customer-1771737714449@example.com	Test	Customer	555-1234	\N	\N	\N	\N	\N	\N	\N	\N	\N	\N	\N	\N	en	f	\N	\N	0	0.00	\N	2026-02-22 05:24:10.609196	2026-02-22 05:24:10.609196	f
f87cf1b6-bf6e-4477-8e63-2dfc6cbc724a	f7b61d99-4d2f-46d8-9566-f68689f8dabb	test-customer-1771739885448@example.com	Test	Customer	555-1234	\N	\N	\N	\N	\N	\N	\N	\N	\N	\N	\N	\N	en	f	\N	\N	0	0.00	\N	2026-02-22 06:05:36.87585	2026-02-22 06:05:36.87585	f
9f81fa7e-c960-4e9a-92ec-c3ea15709393	f7b61d99-4d2f-46d8-9566-f68689f8dabb	test-customer-1771779376970@example.com	Test	Customer	555-1234	\N	\N	\N	\N	\N	\N	\N	\N	\N	\N	\N	\N	en	f	\N	\N	0	0.00	\N	2026-02-22 17:01:05.548007	2026-02-22 17:01:05.548007	f
a7f9e259-2e70-4b9d-bcb5-7f01e7bd70dd	f7b61d99-4d2f-46d8-9566-f68689f8dabb	test-customer-1771779735752@example.com	Test	Customer	555-1234	\N	\N	\N	\N	\N	\N	\N	\N	\N	\N	\N	\N	en	f	\N	\N	0	0.00	\N	2026-02-22 17:04:10.847087	2026-02-22 17:04:10.847087	f
f3d8121e-afc8-498f-97eb-727155c72dbd	f7b61d99-4d2f-46d8-9566-f68689f8dabb	test-customer-1771781481652@example.com	Test	Customer	555-1234	\N	\N	\N	\N	\N	\N	\N	\N	\N	\N	\N	\N	en	f	\N	\N	0	0.00	\N	2026-02-22 17:36:19.695987	2026-02-22 17:36:19.695987	f
62663d3b-289e-4460-98e1-a71393deb5d8	f7b61d99-4d2f-46d8-9566-f68689f8dabb	test-customer-1771781855638@example.com	Test	Customer	555-1234	\N	\N	\N	\N	\N	\N	\N	\N	\N	\N	\N	\N	en	f	\N	\N	0	0.00	\N	2026-02-22 17:39:37.427781	2026-02-22 17:39:37.427781	f
8a492553-f407-475c-ba6e-cbe041f3c0bb	f7b61d99-4d2f-46d8-9566-f68689f8dabb	test-customer-1771785077036@example.com	Test	Customer	555-1234	\N	\N	\N	\N	\N	\N	\N	\N	\N	\N	\N	\N	en	f	\N	\N	0	0.00	\N	2026-02-22 18:35:58.401275	2026-02-22 18:35:58.401275	f
de8a2c2e-c64a-42db-9099-412f51382ca8	f7b61d99-4d2f-46d8-9566-f68689f8dabb	test-customer-1771785433913@example.com	Test	Customer	555-1234	\N	\N	\N	\N	\N	\N	\N	\N	\N	\N	\N	\N	en	f	\N	\N	0	0.00	\N	2026-02-22 18:39:13.916266	2026-02-22 18:39:13.916266	f
62df2de4-d9e7-4043-ab5a-32feb600810c	f7b61d99-4d2f-46d8-9566-f68689f8dabb	test-customer-1771789020721@example.com	Test	Customer	555-1234	\N	\N	\N	\N	\N	\N	\N	\N	\N	\N	\N	\N	en	f	\N	\N	0	0.00	\N	2026-02-22 19:42:25.398567	2026-02-22 19:42:25.398567	f
6ede1941-0f5f-43fa-9390-84fe7c58006c	f7b61d99-4d2f-46d8-9566-f68689f8dabb	test-customer-1771789415697@example.com	Test	Customer	555-1234	\N	\N	\N	\N	\N	\N	\N	\N	\N	\N	\N	\N	en	f	\N	\N	0	0.00	\N	2026-02-22 19:46:08.17606	2026-02-22 19:46:08.17606	f
9faf611b-f28f-4516-8bba-c1df83c1032f	f7b61d99-4d2f-46d8-9566-f68689f8dabb	test-customer-1771794152575@example.com	Test	Customer	555-1234	\N	\N	\N	\N	\N	\N	\N	\N	\N	\N	\N	\N	en	f	\N	\N	0	0.00	\N	2026-02-22 21:07:34.614886	2026-02-22 21:07:34.614886	f
a24f548c-66ac-42c8-bfe1-13fe2efaca1f	f7b61d99-4d2f-46d8-9566-f68689f8dabb	test-customer-1771794521009@example.com	Test	Customer	555-1234	\N	\N	\N	\N	\N	\N	\N	\N	\N	\N	\N	\N	en	f	\N	\N	0	0.00	\N	2026-02-22 21:10:43.725511	2026-02-22 21:10:43.725511	f
f0a43395-1c23-4e85-bd21-9e67dd39b72d	fb382836-e973-4917-b820-f684ca266dbc	fatima.alhassan@example.com	Fatima	Al-Hassan	+971-55-555-0117	1987-06-22	Omar Al-Hassan	+971-55-555-0217	Spouse	\N	\N	[{"level": "Advanced Open Water", "agency": "PADI"}]	\N	\N	\N	\N	\N	en	f	\N	\N	0	0.00	\N	2026-02-23 16:37:17.414212	2026-02-23 16:37:17.414212	f
fa17dbf3-d617-48f2-a58c-5c255240ce9a	fb382836-e973-4917-b820-f684ca266dbc	thomas.mueller@example.com	Thomas	Mueller	+49-30-5550120	1982-05-17	Anna Mueller	+49-30-5550220	Spouse	\N	\N	[{"level": "Rescue Diver", "agency": "PADI"}]	\N	\N	\N	\N	\N	en	f	\N	\N	0	0.00	\N	2026-02-23 16:37:18.969318	2026-02-23 16:37:18.969318	f
cac10322-8a63-415a-93dc-e1fdabb88d2d	fb382836-e973-4917-b820-f684ca266dbc	michael.chen@example.com	Michael	Chen	+1-305-555-0102	1978-07-22	Lisa Chen	+1-305-555-0202	Spouse	\N	\N	[{"level": "Divemaster", "agency": "PADI"}]	\N	\N	\N	\N	\N	en	f	\N	\N	0	0.00	\N	2026-02-23 16:37:09.46623	2026-02-23 16:37:09.46623	f
285390a7-6fbb-4e64-afdc-7c33f6a4c2a4	fb382836-e973-4917-b820-f684ca266dbc	james.wilson@example.com	James	Wilson	+1-305-555-0104	1965-01-30	Carol Wilson	+1-305-555-0204	Spouse	\N	\N	[{"level": "Rescue Diver", "agency": "PADI"}]	\N	\N	\N	\N	\N	en	f	\N	\N	0	0.00	\N	2026-02-23 16:37:10.575417	2026-02-23 16:37:10.575417	f
7cee53c1-0b90-49df-a84d-868f2f864df5	fb382836-e973-4917-b820-f684ca266dbc	robert.martinez@example.com	Robert	Martinez	+1-305-555-0106	1973-09-25	Ana Martinez	+1-305-555-0206	Spouse	\N	\N	[{"level": "Advanced Open Water", "agency": "PADI"}]	\N	\N	\N	\N	\N	en	f	\N	\N	0	0.00	\N	2026-02-23 16:37:11.663435	2026-02-23 16:37:11.663435	f
948f13e6-87da-41ec-8515-605138c0b8de	fb382836-e973-4917-b820-f684ca266dbc	david.anderson@example.com	David	Anderson	+1-305-555-0108	1981-06-03	Karen Anderson	+1-305-555-0208	Spouse	\N	\N	[{"level": "Open Water", "agency": "PADI"}]	\N	\N	\N	\N	\N	en	f	\N	\N	0	0.00	\N	2026-02-23 16:37:12.761667	2026-02-23 16:37:12.761667	f
848991a2-8fe8-4fcf-bfc8-95f8539614bc	fb382836-e973-4917-b820-f684ca266dbc	isabella.thompson@example.com	Isabella	Thompson	+1-305-555-0109	1995-08-19	Mark Thompson	+1-305-555-0209	Parent	\N	\N	\N	\N	\N	\N	\N	\N	en	f	\N	\N	0	0.00	\N	2026-02-23 16:37:13.290694	2026-02-23 16:37:13.290694	f
f2d2365f-caea-4004-b616-567f25258917	fb382836-e973-4917-b820-f684ca266dbc	william.garcia@example.com	William	Garcia	+1-305-555-0110	1970-12-07	Maria Garcia	+1-305-555-0210	Spouse	\N	\N	[{"level": "Divemaster", "agency": "PADI"}]	\N	\N	\N	\N	\N	en	f	\N	\N	0	0.00	\N	2026-02-23 16:37:13.813722	2026-02-23 16:37:13.813722	f
8f189ebb-bf63-4371-be7f-7f946f0aa552	fb382836-e973-4917-b820-f684ca266dbc	lars.andersen@example.com	Lars	Andersen	+45-5555-0113	1977-07-30	Ingrid Andersen	+45-5555-0213	Spouse	\N	\N	[{"level": "Rescue Diver", "agency": "SSI"}]	\N	\N	\N	\N	\N	en	f	\N	\N	0	0.00	\N	2026-02-23 16:37:15.33666	2026-02-23 16:37:15.33666	f
78eda58f-b0b3-4e09-96d1-01578f7102fd	fb382836-e973-4917-b820-f684ca266dbc	priya.patel@example.com	Priya	Patel	+44-7555-0114	1993-01-11	Raj Patel	+44-7555-0214	Parent	\N	\N	[{"level": "Open Water", "agency": "PADI"}]	\N	\N	\N	\N	\N	en	f	\N	\N	0	0.00	\N	2026-02-23 16:37:15.863231	2026-02-23 16:37:15.863231	f
92984f82-b1de-40e4-9efe-c6f79e309b69	fb382836-e973-4917-b820-f684ca266dbc	marco.rossi@example.com	Marco	Rossi	+39-055-5550118	1979-11-14	Sofia Rossi	+39-055-5550218	Spouse	\N	\N	[{"level": "Divemaster", "agency": "SSI"}]	\N	\N	\N	\N	\N	en	f	\N	\N	0	0.00	\N	2026-02-23 16:37:17.911536	2026-02-23 16:37:17.911536	f
78032b8e-3a70-4539-952b-a06a3c009e40	fb382836-e973-4917-b820-f684ca266dbc	aisha.okafor@example.com	Aisha	Okafor	+234-80-5550119	1994-02-08	Emeka Okafor	+234-80-5550219	Parent	\N	\N	[{"level": "Open Water", "agency": "PADI"}]	\N	\N	\N	\N	\N	en	f	\N	\N	0	0.00	\N	2026-02-23 16:37:18.4299	2026-02-23 16:37:18.4299	f
47e4298c-ef32-4f95-9e82-47f3de43b467	f7b61d99-4d2f-46d8-9566-f68689f8dabb	test-customer-1771807080147@example.com	Test	Customer	555-1234	\N	\N	\N	\N	\N	\N	\N	\N	\N	\N	\N	\N	en	f	\N	\N	0	0.00	\N	2026-02-23 00:43:09.086814	2026-02-23 00:43:09.086814	f
5f48ef01-6402-4f08-a4f3-56576f4f97b3	f7b61d99-4d2f-46d8-9566-f68689f8dabb	test-customer-1771807459919@example.com	Test	Customer	555-1234	\N	\N	\N	\N	\N	\N	\N	\N	\N	\N	\N	\N	en	f	\N	\N	0	0.00	\N	2026-02-23 00:46:26.251178	2026-02-23 00:46:26.251178	f
ee46299b-cae1-47f7-a99a-14bb78b6d5cd	f7b61d99-4d2f-46d8-9566-f68689f8dabb	test-customer-1771812363427@example.com	Test	Customer	555-1234	\N	\N	\N	\N	\N	\N	\N	\N	\N	\N	\N	\N	en	f	\N	\N	0	0.00	\N	2026-02-23 02:11:50.02032	2026-02-23 02:11:50.02032	f
6acf7df4-44c3-4cfb-a0db-c3b0df1572d5	f7b61d99-4d2f-46d8-9566-f68689f8dabb	test-customer-1771812792195@example.com	Test	Customer	555-1234	\N	\N	\N	\N	\N	\N	\N	\N	\N	\N	\N	\N	en	f	\N	\N	0	0.00	\N	2026-02-23 02:15:31.197843	2026-02-23 02:15:31.197843	f
\.


--
-- Data for Name: tours; Type: TABLE DATA; Schema: public; Owner: -
--

COPY public.tours (id, organization_id, name, description, type, duration, max_participants, min_participants, price, currency, includes_equipment, includes_meals, includes_transport, inclusions, exclusions, min_cert_level, min_age, requirements, images, is_active, created_at, updated_at) FROM stdin;
c50f8955-2914-4bd4-a6d3-8a8b2daa493a	f7b61d99-4d2f-46d8-9566-f68689f8dabb	Test Tour 1771734547361	\N	single_dive	120	8	1	150.00	USD	f	f	f	\N	\N	\N	\N	\N	\N	t	2026-02-22 04:31:36.21932	2026-02-22 04:31:36.21932
0ecf5dd9-2fa6-4139-b984-24e38031b3d0	f7b61d99-4d2f-46d8-9566-f68689f8dabb	Test Tour 1771734899647	\N	single_dive	120	8	1	150.00	USD	f	f	f	\N	\N	\N	\N	\N	\N	t	2026-02-22 04:36:39.44902	2026-02-22 04:36:39.44902
62de3c9a-12cd-4695-addf-fe952bf024b2	f7b61d99-4d2f-46d8-9566-f68689f8dabb	Test Tour 1771737318542	\N	single_dive	120	8	1	150.00	USD	f	f	f	\N	\N	\N	\N	\N	\N	t	2026-02-22 05:18:07.936991	2026-02-22 05:18:07.936991
6c6efa93-336b-4475-b0a5-0ae000869739	f7b61d99-4d2f-46d8-9566-f68689f8dabb	Test Tour 1771737714449	\N	single_dive	120	8	1	150.00	USD	f	f	f	\N	\N	\N	\N	\N	\N	t	2026-02-22 05:23:06.264446	2026-02-22 05:23:06.264446
13e190d0-0abc-46f5-be0e-58c3903e475d	f7b61d99-4d2f-46d8-9566-f68689f8dabb	Test Tour 1771739885448	\N	single_dive	120	8	1	150.00	USD	f	f	f	\N	\N	\N	\N	\N	\N	t	2026-02-22 06:02:00.177229	2026-02-22 06:02:00.177229
d0be3dc6-8fa8-42f4-8812-05f30e8ca366	f7b61d99-4d2f-46d8-9566-f68689f8dabb	Test Tour 1771812363427	\N	single_dive	120	8	1	150.00	USD	f	f	f	\N	\N	\N	\N	\N	\N	t	2026-02-23 02:08:43.796726	2026-02-23 02:08:43.796726
8fdb33df-20ee-4aa1-97bf-239c3e4c140a	f7b61d99-4d2f-46d8-9566-f68689f8dabb	Test Tour 1771812792195	\N	single_dive	120	8	1	150.00	USD	f	f	f	\N	\N	\N	\N	\N	\N	t	2026-02-23 02:14:14.685142	2026-02-23 02:14:14.685142
de5bb61a-930f-49a4-bffe-68078f3ad88c	fb382836-e973-4917-b820-f684ca266dbc	Discover Scuba Diving	No certification required! Try scuba diving in a safe, controlled environment with our expert instructors. Perfect for beginners aged 10 and up.	single_dive	240	4	1	149.00	USD	f	f	f	\N	\N	\N	\N	\N	\N	t	2026-02-23 16:37:02.166727	2026-02-23 16:37:02.166727
9e91ffdc-47ec-4f06-8f44-c52cce28752e	fb382836-e973-4917-b820-f684ca266dbc	Two Tank Morning Reef	Explore two stunning reef sites on our comfortable dive boat. Morning departure guarantees the best visibility and marine life activity.	multi_dive	300	16	2	129.00	USD	f	f	f	\N	\N	Open Water	\N	\N	\N	t	2026-02-23 16:37:02.327199	2026-02-23 16:37:02.327199
4e473a37-581e-4fb5-82e2-760aa41cf868	fb382836-e973-4917-b820-f684ca266dbc	Night Dive Adventure	Experience the reef after dark! Witness nocturnal marine life, bioluminescence, and sleeping fish that come alive under your torch light.	night_dive	180	8	2	89.00	USD	f	f	f	\N	\N	Open Water	\N	\N	\N	t	2026-02-23 16:37:02.492976	2026-02-23 16:37:02.492976
69139deb-59bd-4329-b9e1-9a742d8f9777	fb382836-e973-4917-b820-f684ca266dbc	Wreck Explorer	Dive into history at one of the Keys' most famous artificial reefs. Explore the marine life that has colonized the wreck over decades.	single_dive	180	6	2	99.00	USD	f	f	f	\N	\N	Open Water	\N	\N	\N	t	2026-02-23 16:37:02.653861	2026-02-23 16:37:02.653861
d9dd8d6f-b17c-4b03-9819-3d6db2e35d49	fb382836-e973-4917-b820-f684ca266dbc	Drift Dive Experience	Let the gentle Gulf Stream carry you along vibrant coral formations. An exhilarating and effortless way to cover miles of reef.	single_dive	180	10	2	109.00	USD	f	f	f	\N	\N	Advanced Open Water	\N	\N	\N	t	2026-02-23 16:37:02.818431	2026-02-23 16:37:02.818431
a7446f8f-ef30-4302-94eb-2c43f9da0fbc	fb382836-e973-4917-b820-f684ca266dbc	Manta Ray Encounter	A magical night dive at our secret manta ray feeding site. Watch these gentle giants glide through the lights feeding on plankton — a bucket-list experience.	night_dive	240	8	2	149.00	USD	f	f	f	\N	\N	Open Water	\N	\N	\N	t	2026-02-23 16:37:02.972628	2026-02-23 16:37:02.972628
bb2b8073-3e0d-4188-b743-abf963a35afd	fb382836-e973-4917-b820-f684ca266dbc	Dusk Dive	Dive as the sun sets and the reef transitions from day to night life. The golden hour underwater is truly spectacular.	single_dive	150	10	1	79.00	USD	f	f	f	\N	\N	Open Water	\N	\N	\N	t	2026-02-23 16:37:03.145323	2026-02-23 16:37:03.145323
eb987593-a84c-4bce-9e0f-747035d6bcfc	fb382836-e973-4917-b820-f684ca266dbc	Underwater Photography Tour	A slow-paced, photography-focused dive led by our underwater photography specialist. Learn tips and techniques while capturing stunning marine life images.	single_dive	240	6	1	119.00	USD	f	f	f	\N	\N	Open Water	\N	\N	\N	t	2026-02-23 16:37:03.306079	2026-02-23 16:37:03.306079
\.


--
-- Data for Name: trips; Type: TABLE DATA; Schema: public; Owner: -
--

COPY public.trips (id, organization_id, tour_id, boat_id, date, start_time, end_time, status, max_participants, price, weather_notes, conditions, notes, staff_ids, created_at, updated_at, is_recurring, recurrence_pattern, recurrence_days, recurrence_end_date, recurrence_count, recurring_template_id, recurrence_index, is_public) FROM stdin;
513bfb03-114c-4d2c-a957-d39f44ddc67d	fb382836-e973-4917-b820-f684ca266dbc	de5bb61a-930f-49a4-bffe-68078f3ad88c	\N	2025-09-08	09:00:00	13:00:00	scheduled	4	\N	\N	\N	\N	\N	2026-02-23 16:37:22.259423	2026-02-23 16:37:22.259423	f	\N	\N	\N	\N	\N	\N	t
ae310a40-4697-4427-8305-fcef1281c794	fb382836-e973-4917-b820-f684ca266dbc	de5bb61a-930f-49a4-bffe-68078f3ad88c	\N	2025-09-29	09:00:00	13:00:00	scheduled	4	\N	\N	\N	\N	\N	2026-02-23 16:37:22.414103	2026-02-23 16:37:22.414103	f	\N	\N	\N	\N	\N	\N	t
4dfacaa7-2413-4517-a384-5aaba1907b82	fb382836-e973-4917-b820-f684ca266dbc	9e91ffdc-47ec-4f06-8f44-c52cce28752e	\N	2025-10-06	08:00:00	13:00:00	scheduled	16	\N	\N	\N	\N	\N	2026-02-23 16:37:22.573095	2026-02-23 16:37:22.573095	f	\N	\N	\N	\N	\N	\N	t
6a5f49b3-1835-4411-bb8c-9346c10138dc	fb382836-e973-4917-b820-f684ca266dbc	9e91ffdc-47ec-4f06-8f44-c52cce28752e	\N	2025-10-27	08:00:00	13:00:00	scheduled	16	\N	\N	\N	\N	\N	2026-02-23 16:37:22.723353	2026-02-23 16:37:22.723353	f	\N	\N	\N	\N	\N	\N	t
27cd9425-229f-4b8c-bd95-98a6774d73e8	fb382836-e973-4917-b820-f684ca266dbc	4e473a37-581e-4fb5-82e2-760aa41cf868	\N	2025-11-03	20:00:00	22:00:00	scheduled	8	\N	\N	\N	\N	\N	2026-02-23 16:37:22.877167	2026-02-23 16:37:22.877167	f	\N	\N	\N	\N	\N	\N	t
3683c062-a3ec-488d-b2fd-81bd2f28835b	fb382836-e973-4917-b820-f684ca266dbc	4e473a37-581e-4fb5-82e2-760aa41cf868	\N	2025-11-24	20:00:00	22:00:00	scheduled	8	\N	\N	\N	\N	\N	2026-02-23 16:37:23.043268	2026-02-23 16:37:23.043268	f	\N	\N	\N	\N	\N	\N	t
a4c37d6b-0674-4ade-b6bb-275f6eb1a8ac	fb382836-e973-4917-b820-f684ca266dbc	69139deb-59bd-4329-b9e1-9a742d8f9777	\N	2025-12-01	09:00:00	12:00:00	scheduled	6	\N	\N	\N	\N	\N	2026-02-23 16:37:23.200854	2026-02-23 16:37:23.200854	f	\N	\N	\N	\N	\N	\N	t
d616cd9c-a16c-499d-a389-c160993d9755	fb382836-e973-4917-b820-f684ca266dbc	69139deb-59bd-4329-b9e1-9a742d8f9777	\N	2025-12-22	09:00:00	12:00:00	scheduled	6	\N	\N	\N	\N	\N	2026-02-23 16:37:23.354062	2026-02-23 16:37:23.354062	f	\N	\N	\N	\N	\N	\N	t
4368867c-b78e-440a-97ce-8cfad6232edc	fb382836-e973-4917-b820-f684ca266dbc	d9dd8d6f-b17c-4b03-9819-3d6db2e35d49	\N	2025-12-29	10:00:00	13:00:00	scheduled	10	\N	\N	\N	\N	\N	2026-02-23 16:37:23.508864	2026-02-23 16:37:23.508864	f	\N	\N	\N	\N	\N	\N	t
05ca56a9-2056-4384-a158-ccc78d80172c	fb382836-e973-4917-b820-f684ca266dbc	d9dd8d6f-b17c-4b03-9819-3d6db2e35d49	\N	2026-01-12	10:00:00	13:00:00	scheduled	10	\N	\N	\N	\N	\N	2026-02-23 16:37:23.658853	2026-02-23 16:37:23.658853	f	\N	\N	\N	\N	\N	\N	t
1d3a79b4-6f3e-4738-81c8-d2ed66f94354	fb382836-e973-4917-b820-f684ca266dbc	a7446f8f-ef30-4302-94eb-2c43f9da0fbc	\N	2026-01-19	20:30:00	23:00:00	scheduled	8	\N	\N	\N	\N	\N	2026-02-23 16:37:23.812702	2026-02-23 16:37:23.812702	f	\N	\N	\N	\N	\N	\N	t
c41395fe-95d9-4fbe-97ef-e64ae4d3671a	fb382836-e973-4917-b820-f684ca266dbc	a7446f8f-ef30-4302-94eb-2c43f9da0fbc	\N	2026-01-26	20:30:00	23:00:00	scheduled	8	\N	\N	\N	\N	\N	2026-02-23 16:37:23.964408	2026-02-23 16:37:23.964408	f	\N	\N	\N	\N	\N	\N	t
dc52025d-6345-4dc8-8b9a-47aa40d24c79	fb382836-e973-4917-b820-f684ca266dbc	bb2b8073-3e0d-4188-b743-abf963a35afd	\N	2026-01-30	17:30:00	20:00:00	scheduled	10	\N	\N	\N	\N	\N	2026-02-23 16:37:24.128048	2026-02-23 16:37:24.128048	f	\N	\N	\N	\N	\N	\N	t
e0ba7687-24be-48f8-af50-6cf67f0de261	f7b61d99-4d2f-46d8-9566-f68689f8dabb	c50f8955-2914-4bd4-a6d3-8a8b2daa493a	068b8852-35ef-4dab-bb69-410656505153	2026-03-01	08:00:00	12:00:00	scheduled	\N	\N	\N	\N	\N	\N	2026-02-22 04:33:54.499301	2026-02-22 04:33:54.499301	f	\N	\N	\N	\N	\N	\N	t
f742e5f6-ad35-4b20-b30e-d3c1566e670e	f7b61d99-4d2f-46d8-9566-f68689f8dabb	c50f8955-2914-4bd4-a6d3-8a8b2daa493a	068b8852-35ef-4dab-bb69-410656505153	2026-03-01	08:00:00	12:00:00	scheduled	\N	\N	\N	\N	\N	\N	2026-02-22 05:16:44.713485	2026-02-22 05:16:44.713485	f	\N	\N	\N	\N	\N	\N	t
46df8a67-45ee-4e83-ac0d-33570a6acbfc	f7b61d99-4d2f-46d8-9566-f68689f8dabb	c50f8955-2914-4bd4-a6d3-8a8b2daa493a	068b8852-35ef-4dab-bb69-410656505153	2026-03-01	08:00:00	12:00:00	scheduled	\N	\N	\N	\N	\N	\N	2026-02-22 05:59:15.611677	2026-02-22 05:59:15.611677	f	\N	\N	\N	\N	\N	\N	t
0eafa061-1902-492c-b08b-7350fe26c56c	f7b61d99-4d2f-46d8-9566-f68689f8dabb	c50f8955-2914-4bd4-a6d3-8a8b2daa493a	068b8852-35ef-4dab-bb69-410656505153	2026-03-01	08:00:00	12:00:00	scheduled	\N	\N	\N	\N	\N	\N	2026-02-22 16:04:07.595433	2026-02-22 16:04:07.595433	f	\N	\N	\N	\N	\N	\N	t
4b52bedf-21c0-43f9-a7a5-9354f8ad12b9	f7b61d99-4d2f-46d8-9566-f68689f8dabb	c50f8955-2914-4bd4-a6d3-8a8b2daa493a	068b8852-35ef-4dab-bb69-410656505153	2026-03-01	08:00:00	12:00:00	scheduled	\N	\N	\N	\N	\N	\N	2026-02-22 16:57:25.774554	2026-02-22 16:57:25.774554	f	\N	\N	\N	\N	\N	\N	t
66dd7db8-665a-4b66-b01e-856bccbbf0ce	f7b61d99-4d2f-46d8-9566-f68689f8dabb	c50f8955-2914-4bd4-a6d3-8a8b2daa493a	068b8852-35ef-4dab-bb69-410656505153	2026-03-01	08:00:00	12:00:00	scheduled	\N	\N	\N	\N	\N	\N	2026-02-22 17:32:30.403727	2026-02-22 17:32:30.403727	f	\N	\N	\N	\N	\N	\N	t
1951daef-8799-4aee-92e4-7b00e1322acb	f7b61d99-4d2f-46d8-9566-f68689f8dabb	c50f8955-2914-4bd4-a6d3-8a8b2daa493a	068b8852-35ef-4dab-bb69-410656505153	2026-03-01	08:00:00	12:00:00	scheduled	\N	\N	\N	\N	\N	\N	2026-02-22 18:32:23.483523	2026-02-22 18:32:23.483523	f	\N	\N	\N	\N	\N	\N	t
6c98a7a0-c912-484a-af39-0b6397e0d433	f7b61d99-4d2f-46d8-9566-f68689f8dabb	c50f8955-2914-4bd4-a6d3-8a8b2daa493a	068b8852-35ef-4dab-bb69-410656505153	2026-03-01	08:00:00	12:00:00	scheduled	\N	\N	\N	\N	\N	\N	2026-02-22 19:38:15.896355	2026-02-22 19:38:15.896355	f	\N	\N	\N	\N	\N	\N	t
6103a644-5d56-40c0-9ad9-b98fbf608b0f	f7b61d99-4d2f-46d8-9566-f68689f8dabb	c50f8955-2914-4bd4-a6d3-8a8b2daa493a	068b8852-35ef-4dab-bb69-410656505153	2026-03-01	08:00:00	12:00:00	scheduled	\N	\N	\N	\N	\N	\N	2026-02-22 21:03:42.922703	2026-02-22 21:03:42.922703	f	\N	\N	\N	\N	\N	\N	t
81c759fb-51b2-4d17-8b5f-dd7fd3577430	f7b61d99-4d2f-46d8-9566-f68689f8dabb	c50f8955-2914-4bd4-a6d3-8a8b2daa493a	068b8852-35ef-4dab-bb69-410656505153	2026-03-02	08:00:00	12:00:00	scheduled	\N	\N	\N	\N	\N	\N	2026-02-23 00:39:19.419482	2026-02-23 00:39:19.419482	f	\N	\N	\N	\N	\N	\N	t
01b699bd-6d1e-4abe-9598-057b2c1b9bd0	fb382836-e973-4917-b820-f684ca266dbc	bb2b8073-3e0d-4188-b743-abf963a35afd	\N	2026-02-02	17:30:00	20:00:00	scheduled	10	\N	\N	\N	\N	\N	2026-02-23 16:37:24.288006	2026-02-23 16:37:24.288006	f	\N	\N	\N	\N	\N	\N	t
d26ac156-9585-4fd1-9775-af7f678cac2e	fb382836-e973-4917-b820-f684ca266dbc	eb987593-a84c-4bce-9e0f-747035d6bcfc	\N	2026-02-01	09:00:00	13:00:00	scheduled	6	\N	\N	\N	\N	\N	2026-02-23 16:37:24.441644	2026-02-23 16:37:24.441644	f	\N	\N	\N	\N	\N	\N	t
8c8cecb9-802e-4ad1-8e18-734a29186dd2	fb382836-e973-4917-b820-f684ca266dbc	eb987593-a84c-4bce-9e0f-747035d6bcfc	\N	2026-02-02	09:00:00	13:00:00	scheduled	6	\N	\N	\N	\N	\N	2026-02-23 16:37:24.596638	2026-02-23 16:37:24.596638	f	\N	\N	\N	\N	\N	\N	t
8bd90a31-c274-4e63-a3d3-cc45362dac69	fb382836-e973-4917-b820-f684ca266dbc	de5bb61a-930f-49a4-bffe-68078f3ad88c	\N	2026-03-09	09:00:00	13:00:00	scheduled	4	\N	\N	\N	\N	\N	2026-02-23 16:37:24.74954	2026-02-23 16:37:24.74954	f	\N	\N	\N	\N	\N	\N	t
38e89c60-e415-4140-979f-370a100aae2f	fb382836-e973-4917-b820-f684ca266dbc	de5bb61a-930f-49a4-bffe-68078f3ad88c	\N	2026-03-30	09:00:00	13:00:00	scheduled	4	\N	\N	\N	\N	\N	2026-02-23 16:37:24.903795	2026-02-23 16:37:24.903795	f	\N	\N	\N	\N	\N	\N	t
578c5726-773b-4f5e-80e8-8b80d441712b	fb382836-e973-4917-b820-f684ca266dbc	de5bb61a-930f-49a4-bffe-68078f3ad88c	\N	2026-04-20	09:00:00	13:00:00	scheduled	4	\N	\N	\N	\N	\N	2026-02-23 16:37:25.061528	2026-02-23 16:37:25.061528	f	\N	\N	\N	\N	\N	\N	t
5983929e-2ef4-4b96-a903-f6c6d177db97	fb382836-e973-4917-b820-f684ca266dbc	9e91ffdc-47ec-4f06-8f44-c52cce28752e	\N	2026-03-13	08:00:00	13:00:00	scheduled	16	\N	\N	\N	\N	\N	2026-02-23 16:37:25.215863	2026-02-23 16:37:25.215863	f	\N	\N	\N	\N	\N	\N	t
e255c256-75cb-47b7-9a97-f78c0be1dba8	fb382836-e973-4917-b820-f684ca266dbc	9e91ffdc-47ec-4f06-8f44-c52cce28752e	\N	2026-04-03	08:00:00	13:00:00	scheduled	16	\N	\N	\N	\N	\N	2026-02-23 16:37:25.368331	2026-02-23 16:37:25.368331	f	\N	\N	\N	\N	\N	\N	t
103146f7-84cb-4c0a-b807-bd98404ce4e3	fb382836-e973-4917-b820-f684ca266dbc	9e91ffdc-47ec-4f06-8f44-c52cce28752e	\N	2026-04-24	08:00:00	13:00:00	scheduled	16	\N	\N	\N	\N	\N	2026-02-23 16:37:25.518843	2026-02-23 16:37:25.518843	f	\N	\N	\N	\N	\N	\N	t
41bf17ba-4476-4cdc-afa8-7b47325b9213	fb382836-e973-4917-b820-f684ca266dbc	4e473a37-581e-4fb5-82e2-760aa41cf868	\N	2026-03-16	20:00:00	22:00:00	scheduled	8	\N	\N	\N	\N	\N	2026-02-23 16:37:25.671523	2026-02-23 16:37:25.671523	f	\N	\N	\N	\N	\N	\N	t
b0501842-62d4-49da-9449-29b28fb7ad99	fb382836-e973-4917-b820-f684ca266dbc	4e473a37-581e-4fb5-82e2-760aa41cf868	\N	2026-04-06	20:00:00	22:00:00	scheduled	8	\N	\N	\N	\N	\N	2026-02-23 16:37:25.821409	2026-02-23 16:37:25.821409	f	\N	\N	\N	\N	\N	\N	t
4fd2907e-cfba-40a9-a26f-49dc806a64ff	fb382836-e973-4917-b820-f684ca266dbc	4e473a37-581e-4fb5-82e2-760aa41cf868	\N	2026-04-27	20:00:00	22:00:00	scheduled	8	\N	\N	\N	\N	\N	2026-02-23 16:37:25.976001	2026-02-23 16:37:25.976001	f	\N	\N	\N	\N	\N	\N	t
5760f788-5e66-431e-b3e2-58c7340721a3	fb382836-e973-4917-b820-f684ca266dbc	69139deb-59bd-4329-b9e1-9a742d8f9777	\N	2026-03-05	09:00:00	12:00:00	scheduled	6	\N	\N	\N	\N	\N	2026-02-23 16:37:26.14068	2026-02-23 16:37:26.14068	f	\N	\N	\N	\N	\N	\N	t
a4350461-7d35-4ad9-94c8-6e21c41625c9	f7b61d99-4d2f-46d8-9566-f68689f8dabb	c50f8955-2914-4bd4-a6d3-8a8b2daa493a	068b8852-35ef-4dab-bb69-410656505153	2026-03-02	08:00:00	12:00:00	scheduled	\N	\N	\N	\N	\N	\N	2026-02-23 02:07:24.81841	2026-02-23 02:07:24.81841	f	\N	\N	\N	\N	\N	\N	t
8d11b542-5c97-486c-8067-190fe6565acd	fb382836-e973-4917-b820-f684ca266dbc	69139deb-59bd-4329-b9e1-9a742d8f9777	\N	2026-03-26	09:00:00	12:00:00	scheduled	6	\N	\N	\N	\N	\N	2026-02-23 16:37:26.295927	2026-02-23 16:37:26.295927	f	\N	\N	\N	\N	\N	\N	t
ab85351e-a683-4acc-a993-42559049d206	fb382836-e973-4917-b820-f684ca266dbc	69139deb-59bd-4329-b9e1-9a742d8f9777	\N	2026-04-16	09:00:00	12:00:00	scheduled	6	\N	\N	\N	\N	\N	2026-02-23 16:37:26.449042	2026-02-23 16:37:26.449042	f	\N	\N	\N	\N	\N	\N	t
db7b0c67-e0de-46cb-bd37-c38f647a4d35	fb382836-e973-4917-b820-f684ca266dbc	d9dd8d6f-b17c-4b03-9819-3d6db2e35d49	\N	2026-03-12	10:00:00	13:00:00	scheduled	10	\N	\N	\N	\N	\N	2026-02-23 16:37:26.60633	2026-02-23 16:37:26.60633	f	\N	\N	\N	\N	\N	\N	t
408b783b-fadb-4174-8d0c-6b7ad8a432ee	fb382836-e973-4917-b820-f684ca266dbc	d9dd8d6f-b17c-4b03-9819-3d6db2e35d49	\N	2026-04-02	10:00:00	13:00:00	scheduled	10	\N	\N	\N	\N	\N	2026-02-23 16:37:26.762015	2026-02-23 16:37:26.762015	f	\N	\N	\N	\N	\N	\N	t
b64fac33-0a8e-4596-a13c-e2ae65acbb8c	fb382836-e973-4917-b820-f684ca266dbc	d9dd8d6f-b17c-4b03-9819-3d6db2e35d49	\N	2026-04-23	10:00:00	13:00:00	scheduled	10	\N	\N	\N	\N	\N	2026-02-23 16:37:26.910911	2026-02-23 16:37:26.910911	f	\N	\N	\N	\N	\N	\N	t
14be7672-b80a-4cb1-a9b1-a4c91c7c854a	fb382836-e973-4917-b820-f684ca266dbc	a7446f8f-ef30-4302-94eb-2c43f9da0fbc	\N	2026-03-19	20:30:00	23:00:00	scheduled	8	\N	\N	\N	\N	\N	2026-02-23 16:37:27.066536	2026-02-23 16:37:27.066536	f	\N	\N	\N	\N	\N	\N	t
19543c3c-cd22-45c3-a2a5-9d7ff5dddfc8	fb382836-e973-4917-b820-f684ca266dbc	a7446f8f-ef30-4302-94eb-2c43f9da0fbc	\N	2026-04-09	20:30:00	23:00:00	scheduled	8	\N	\N	\N	\N	\N	2026-02-23 16:37:27.217011	2026-02-23 16:37:27.217011	f	\N	\N	\N	\N	\N	\N	t
5aea1110-5205-435d-b0e9-374d57ccb63e	fb382836-e973-4917-b820-f684ca266dbc	a7446f8f-ef30-4302-94eb-2c43f9da0fbc	\N	2026-04-30	20:30:00	23:00:00	scheduled	8	\N	\N	\N	\N	\N	2026-02-23 16:37:27.371493	2026-02-23 16:37:27.371493	f	\N	\N	\N	\N	\N	\N	t
7dec8718-2b90-4b5c-b995-5f784ebe0231	fb382836-e973-4917-b820-f684ca266dbc	bb2b8073-3e0d-4188-b743-abf963a35afd	\N	2026-03-07	17:30:00	20:00:00	scheduled	10	\N	\N	\N	\N	\N	2026-02-23 16:37:27.527401	2026-02-23 16:37:27.527401	f	\N	\N	\N	\N	\N	\N	t
ec03de3b-b853-4702-829d-aff2b1e73063	fb382836-e973-4917-b820-f684ca266dbc	bb2b8073-3e0d-4188-b743-abf963a35afd	\N	2026-03-28	17:30:00	20:00:00	scheduled	10	\N	\N	\N	\N	\N	2026-02-23 16:37:27.674087	2026-02-23 16:37:27.674087	f	\N	\N	\N	\N	\N	\N	t
62995f8c-6cbf-47b8-b717-4065f677ade8	fb382836-e973-4917-b820-f684ca266dbc	bb2b8073-3e0d-4188-b743-abf963a35afd	\N	2026-04-18	17:30:00	20:00:00	scheduled	10	\N	\N	\N	\N	\N	2026-02-23 16:37:27.829267	2026-02-23 16:37:27.829267	f	\N	\N	\N	\N	\N	\N	t
33e1f965-1507-4d3c-92b2-1e46b3a7ea7d	fb382836-e973-4917-b820-f684ca266dbc	eb987593-a84c-4bce-9e0f-747035d6bcfc	\N	2026-03-15	09:00:00	13:00:00	scheduled	6	\N	\N	\N	\N	\N	2026-02-23 16:37:27.987152	2026-02-23 16:37:27.987152	f	\N	\N	\N	\N	\N	\N	t
7c38a652-5d6c-4939-a510-0ad945608b46	fb382836-e973-4917-b820-f684ca266dbc	eb987593-a84c-4bce-9e0f-747035d6bcfc	\N	2026-04-05	09:00:00	13:00:00	scheduled	6	\N	\N	\N	\N	\N	2026-02-23 16:37:28.141254	2026-02-23 16:37:28.141254	f	\N	\N	\N	\N	\N	\N	t
ed3cf6a0-0146-4862-bbea-06464660bd0d	fb382836-e973-4917-b820-f684ca266dbc	eb987593-a84c-4bce-9e0f-747035d6bcfc	\N	2026-04-26	09:00:00	13:00:00	scheduled	6	\N	\N	\N	\N	\N	2026-02-23 16:37:28.294683	2026-02-23 16:37:28.294683	f	\N	\N	\N	\N	\N	\N	t
\.


--
-- Data for Name: bookings; Type: TABLE DATA; Schema: public; Owner: -
--

COPY public.bookings (id, organization_id, booking_number, trip_id, customer_id, participants, participant_details, status, subtotal, discount, tax, total, currency, payment_status, deposit_amount, deposit_paid_at, paid_amount, stripe_payment_intent_id, equipment_rental, waiver_signed_at, medical_form_signed_at, special_requests, internal_notes, source, created_at, updated_at, cancelled_at, cancellation_reason) FROM stdin;
5da4961f-3e70-402d-b4d8-6cc3fdc388c7	fb382836-e973-4917-b820-f684ca266dbc	BKMLZEGRCP	5760f788-5e66-431e-b3e2-58c7340721a3	f0a43395-1c23-4e85-bd21-9e67dd39b72d	2	\N	pending	0.00	0.00	0.00	0.00	USD	pending	\N	\N	0.00	\N	\N	\N	\N	Vegetarian meal preference	\N	direct	2026-02-23 16:37:31.89788	2026-02-23 16:37:31.89788	\N	\N
2386d7fc-7d77-4a75-a93d-fa1f74f0fb9d	fb382836-e973-4917-b820-f684ca266dbc	BKMLZEGRLZ	7dec8718-2b90-4b5c-b995-5f784ebe0231	cac10322-8a63-415a-93dc-e1fdabb88d2d	1	\N	pending	0.00	0.00	0.00	0.00	USD	pending	\N	\N	0.00	\N	\N	\N	\N	\N	\N	direct	2026-02-23 16:37:32.232242	2026-02-23 16:37:32.232242	\N	\N
18fe7fdd-933d-436b-93fe-acbae05cfb87	fb382836-e973-4917-b820-f684ca266dbc	BKMLZEGS41	db7b0c67-e0de-46cb-bd37-c38f647a4d35	fa17dbf3-d617-48f2-a58c-5c255240ce9a	2	\N	pending	0.00	0.00	0.00	0.00	USD	pending	\N	\N	0.00	\N	\N	\N	\N	Photographing underwater - extra time at sites appreciated	\N	direct	2026-02-23 16:37:32.882968	2026-02-23 16:37:32.882968	\N	\N
92dd3a57-b7b2-4269-84e0-aaa7a5b38583	fb382836-e973-4917-b820-f684ca266dbc	BKMLZEGS8M	5983929e-2ef4-4b96-a903-f6c6d177db97	78eda58f-b0b3-4e09-96d1-01578f7102fd	1	\N	pending	0.00	0.00	0.00	0.00	USD	pending	\N	\N	0.00	\N	\N	\N	\N	\N	\N	direct	2026-02-23 16:37:33.047389	2026-02-23 16:37:33.047389	\N	\N
9ebb27ad-2aa2-4fe5-ac7d-5f9ce0499ede	fb382836-e973-4917-b820-f684ca266dbc	BKMLZEGSDG	5983929e-2ef4-4b96-a903-f6c6d177db97	08081589-e769-467b-b9c0-81b930e8135c	1	\N	pending	0.00	0.00	0.00	0.00	USD	pending	\N	\N	0.00	\N	\N	\N	\N	\N	\N	direct	2026-02-23 16:37:33.221469	2026-02-23 16:37:33.221469	\N	\N
4c438061-2be0-43ea-a19d-c3d6e84f5db9	fb382836-e973-4917-b820-f684ca266dbc	BKMLZEGSM8	33e1f965-1507-4d3c-92b2-1e46b3a7ea7d	2d3c661e-7dbf-4e78-92a1-537b9a8e0d20	1	\N	pending	0.00	0.00	0.00	0.00	USD	pending	\N	\N	0.00	\N	\N	\N	\N	First time diving - extra attention needed	\N	direct	2026-02-23 16:37:33.536833	2026-02-23 16:37:33.536833	\N	\N
c69b6999-3c16-4734-b7f8-7094627aeda4	fb382836-e973-4917-b820-f684ca266dbc	BKMLZEGSUZ	41bf17ba-4476-4cdc-afa8-7b47325b9213	848991a2-8fe8-4fcf-bfc8-95f8539614bc	2	\N	pending	0.00	0.00	0.00	0.00	USD	pending	\N	\N	0.00	\N	\N	\N	\N	\N	\N	direct	2026-02-23 16:37:33.852412	2026-02-23 16:37:33.852412	\N	\N
3a516555-c86e-4ba0-91b1-8edbaeb0543f	fb382836-e973-4917-b820-f684ca266dbc	BKMLZEGT86	8d11b542-5c97-486c-8067-190fe6565acd	cac10322-8a63-415a-93dc-e1fdabb88d2d	2	\N	pending	0.00	0.00	0.00	0.00	USD	pending	\N	\N	0.00	\N	\N	\N	\N	Have minor knee injury - need gentle entry/exit	\N	direct	2026-02-23 16:37:34.3273	2026-02-23 16:37:34.3273	\N	\N
3f2a63fe-5710-4d9e-8391-d3804a60944f	f7b61d99-4d2f-46d8-9566-f68689f8dabb	BKMLX98MEV	e0ba7687-24be-48f8-af50-6cf67f0de261	29a1381b-8c0c-4f64-babb-4eb36f5e90e5	1	\N	pending	0.00	0.00	0.00	0.00	USD	pending	\N	\N	0.00	\N	\N	\N	\N	\N	\N	direct	2026-02-22 04:35:41.817825	2026-02-22 04:35:41.817825	\N	\N
c5c1ec1b-6494-41f3-9f6c-6d43a93b44e9	f7b61d99-4d2f-46d8-9566-f68689f8dabb	BKMLXARUOM	e0ba7687-24be-48f8-af50-6cf67f0de261	29a1381b-8c0c-4f64-babb-4eb36f5e90e5	1	\N	pending	0.00	0.00	0.00	0.00	USD	pending	\N	\N	0.00	\N	\N	\N	\N	\N	\N	direct	2026-02-22 05:18:38.615325	2026-02-22 05:18:38.615325	\N	\N
384440e7-68fc-42ab-ab80-ebe5bc60c21c	f7b61d99-4d2f-46d8-9566-f68689f8dabb	BKMLXCC8WY	e0ba7687-24be-48f8-af50-6cf67f0de261	29a1381b-8c0c-4f64-babb-4eb36f5e90e5	1	\N	pending	0.00	0.00	0.00	0.00	USD	pending	\N	\N	0.00	\N	\N	\N	\N	\N	\N	direct	2026-02-22 06:02:29.795829	2026-02-22 06:02:29.795829	\N	\N
ea6ba39f-6ffc-474f-8100-2ca1f5f7007c	f7b61d99-4d2f-46d8-9566-f68689f8dabb	BKMLXXVVO7	e0ba7687-24be-48f8-af50-6cf67f0de261	29a1381b-8c0c-4f64-babb-4eb36f5e90e5	1	\N	pending	0.00	0.00	0.00	0.00	USD	pending	\N	\N	0.00	\N	\N	\N	\N	\N	\N	direct	2026-02-22 16:05:37.688013	2026-02-22 16:05:37.688013	\N	\N
55e3e263-fda6-40b2-a0f0-0ef42309437f	f7b61d99-4d2f-46d8-9566-f68689f8dabb	BKMLXZSDZK	e0ba7687-24be-48f8-af50-6cf67f0de261	29a1381b-8c0c-4f64-babb-4eb36f5e90e5	1	\N	pending	0.00	0.00	0.00	0.00	USD	pending	\N	\N	0.00	\N	\N	\N	\N	\N	\N	direct	2026-02-22 16:58:54.033209	2026-02-22 16:58:54.033209	\N	\N
f72bee5f-2499-4077-91f6-5e4b282b0ef6	f7b61d99-4d2f-46d8-9566-f68689f8dabb	BKMLY11NIG	e0ba7687-24be-48f8-af50-6cf67f0de261	29a1381b-8c0c-4f64-babb-4eb36f5e90e5	1	\N	pending	0.00	0.00	0.00	0.00	USD	pending	\N	\N	0.00	\N	\N	\N	\N	\N	\N	direct	2026-02-22 17:34:05.896853	2026-02-22 17:34:05.896853	\N	\N
efc015ee-05be-4391-9a64-40482fb37206	f7b61d99-4d2f-46d8-9566-f68689f8dabb	BKMLY36IH1	e0ba7687-24be-48f8-af50-6cf67f0de261	29a1381b-8c0c-4f64-babb-4eb36f5e90e5	1	\N	pending	0.00	0.00	0.00	0.00	USD	pending	\N	\N	0.00	\N	\N	\N	\N	\N	\N	direct	2026-02-22 18:33:51.878234	2026-02-22 18:33:51.878234	\N	\N
2429a6ff-41ba-4873-8936-0ea210344803	f7b61d99-4d2f-46d8-9566-f68689f8dabb	BKMLY5JPSL	e0ba7687-24be-48f8-af50-6cf67f0de261	29a1381b-8c0c-4f64-babb-4eb36f5e90e5	1	\N	pending	0.00	0.00	0.00	0.00	USD	pending	\N	\N	0.00	\N	\N	\N	\N	\N	\N	direct	2026-02-22 19:40:07.126469	2026-02-22 19:40:07.126469	\N	\N
c1cfd3ab-4fa3-4e4e-9f9e-313d296ca684	f7b61d99-4d2f-46d8-9566-f68689f8dabb	BKMLY8LEPK	e0ba7687-24be-48f8-af50-6cf67f0de261	29a1381b-8c0c-4f64-babb-4eb36f5e90e5	1	\N	pending	0.00	0.00	0.00	0.00	USD	pending	\N	\N	0.00	\N	\N	\N	\N	\N	\N	direct	2026-02-22 21:05:24.921128	2026-02-22 21:05:24.921128	\N	\N
3a3b58f7-5e1e-4179-880f-ef7cfe7767cf	f7b61d99-4d2f-46d8-9566-f68689f8dabb	BKMLYGANQI	e0ba7687-24be-48f8-af50-6cf67f0de261	29a1381b-8c0c-4f64-babb-4eb36f5e90e5	1	\N	pending	0.00	0.00	0.00	0.00	USD	pending	\N	\N	0.00	\N	\N	\N	\N	\N	\N	direct	2026-02-23 00:41:00.33206	2026-02-23 00:41:00.33206	\N	\N
f7aa5104-22c3-4617-8fa2-a5ba10c39292	fb382836-e973-4917-b820-f684ca266dbc	BKMLZEGTCP	8d11b542-5c97-486c-8067-190fe6565acd	855a20f2-a96c-4602-8bfa-89521e8a6b94	1	\N	pending	0.00	0.00	0.00	0.00	USD	pending	\N	\N	0.00	\N	\N	\N	\N	Vegetarian meal preference	\N	direct	2026-02-23 16:37:34.489934	2026-02-23 16:37:34.489934	\N	\N
8f191bbc-1a45-426a-bc39-b9aaddb62a2f	fb382836-e973-4917-b820-f684ca266dbc	BKMLZEGTLD	ec03de3b-b853-4702-829d-aff2b1e73063	f56c15a1-4667-4372-a9d8-594837ea9a6b	2	\N	pending	0.00	0.00	0.00	0.00	USD	pending	\N	\N	0.00	\N	\N	\N	\N	\N	\N	direct	2026-02-23 16:37:34.801603	2026-02-23 16:37:34.801603	\N	\N
6a144b65-cc77-44fb-85b8-6fc553925b3e	fb382836-e973-4917-b820-f684ca266dbc	BKMLZEGTYQ	408b783b-fadb-4174-8d0c-6b7ad8a432ee	08081589-e769-467b-b9c0-81b930e8135c	2	\N	pending	0.00	0.00	0.00	0.00	USD	pending	\N	\N	0.00	\N	\N	\N	\N	Prefer morning slots if possible	\N	direct	2026-02-23 16:37:35.283257	2026-02-23 16:37:35.283257	\N	\N
3b9055ad-e9da-4cdd-aa96-4295149d3cf6	fb382836-e973-4917-b820-f684ca266dbc	BKMLZEGU7I	408b783b-fadb-4174-8d0c-6b7ad8a432ee	1b7feb0b-1477-4349-843f-a4173da411fe	1	\N	pending	0.00	0.00	0.00	0.00	USD	pending	\N	\N	0.00	\N	\N	\N	\N	\N	\N	direct	2026-02-23 16:37:35.599478	2026-02-23 16:37:35.599478	\N	\N
db5db9db-59ca-4f8a-848c-d40d456d5f1b	fb382836-e973-4917-b820-f684ca266dbc	BKMLZEGUC1	e255c256-75cb-47b7-9a97-f78c0be1dba8	2d3c661e-7dbf-4e78-92a1-537b9a8e0d20	2	\N	pending	0.00	0.00	0.00	0.00	USD	pending	\N	\N	0.00	\N	\N	\N	\N	\N	\N	direct	2026-02-23 16:37:35.761789	2026-02-23 16:37:35.761789	\N	\N
f8ac0db2-ff81-495e-aa2c-b955e54ea973	fb382836-e973-4917-b820-f684ca266dbc	BKMLZEGUL3	7c38a652-5d6c-4939-a510-0ad945608b46	f0a43395-1c23-4e85-bd21-9e67dd39b72d	1	\N	pending	0.00	0.00	0.00	0.00	USD	pending	\N	\N	0.00	\N	\N	\N	\N	First time diving - extra attention needed	\N	direct	2026-02-23 16:37:36.088751	2026-02-23 16:37:36.088751	\N	\N
9eb24ddc-423a-4562-9a0c-ee17dfe7556b	fb382836-e973-4917-b820-f684ca266dbc	BKMLZEGUPG	b0501842-62d4-49da-9449-29b28fb7ad99	948f13e6-87da-41ec-8515-605138c0b8de	2	\N	pending	0.00	0.00	0.00	0.00	USD	pending	\N	\N	0.00	\N	\N	\N	\N	\N	\N	direct	2026-02-23 16:37:36.244965	2026-02-23 16:37:36.244965	\N	\N
ed8c69ed-7bd6-485d-a855-14e0adba6af1	fb382836-e973-4917-b820-f684ca266dbc	BKMLZEGUZP	b0501842-62d4-49da-9449-29b28fb7ad99	cac10322-8a63-415a-93dc-e1fdabb88d2d	1	\N	pending	0.00	0.00	0.00	0.00	USD	pending	\N	\N	0.00	\N	\N	\N	\N	\N	\N	direct	2026-02-23 16:37:36.61482	2026-02-23 16:37:36.61482	\N	\N
44f7d0f2-2e4e-4ae6-853c-d7c87635f2fa	fb382836-e973-4917-b820-f684ca266dbc	BKMLZEGV8R	ab85351e-a683-4acc-a993-42559049d206	7cee53c1-0b90-49df-a84d-868f2f864df5	1	\N	pending	0.00	0.00	0.00	0.00	USD	pending	\N	\N	0.00	\N	\N	\N	\N	Have minor knee injury - need gentle entry/exit	\N	direct	2026-02-23 16:37:36.939981	2026-02-23 16:37:36.939981	\N	\N
6e09f5b7-06e8-4e87-b2c6-91389f89f604	fb382836-e973-4917-b820-f684ca266dbc	BKMLZEGVDA	ab85351e-a683-4acc-a993-42559049d206	fa17dbf3-d617-48f2-a58c-5c255240ce9a	1	\N	pending	0.00	0.00	0.00	0.00	USD	pending	\N	\N	0.00	\N	\N	\N	\N	\N	\N	direct	2026-02-23 16:37:37.103147	2026-02-23 16:37:37.103147	\N	\N
450528a5-0930-410c-8728-9e5cec34d53c	fb382836-e973-4917-b820-f684ca266dbc	BKMLZEGVUY	578c5726-773b-4f5e-80e8-8b80d441712b	92984f82-b1de-40e4-9efe-c6f79e309b69	2	\N	pending	0.00	0.00	0.00	0.00	USD	pending	\N	\N	0.00	\N	\N	\N	\N	Have my own regulator and BCD	\N	direct	2026-02-23 16:37:37.740113	2026-02-23 16:37:37.740113	\N	\N
f3d96699-2873-45fa-99a9-8a869f3953bf	fb382836-e973-4917-b820-f684ca266dbc	BKMLZEGW3S	b64fac33-0a8e-4596-a13c-e2ae65acbb8c	848991a2-8fe8-4fcf-bfc8-95f8539614bc	1	\N	pending	0.00	0.00	0.00	0.00	USD	pending	\N	\N	0.00	\N	\N	\N	\N	\N	\N	direct	2026-02-23 16:37:38.057132	2026-02-23 16:37:38.057132	\N	\N
662da68f-e9dc-412b-a662-8791902f3bcf	fb382836-e973-4917-b820-f684ca266dbc	BKMLZEGWCH	103146f7-84cb-4c0a-b807-bd98404ce4e3	8f189ebb-bf63-4371-be7f-7f946f0aa552	1	\N	pending	0.00	0.00	0.00	0.00	USD	pending	\N	\N	0.00	\N	\N	\N	\N	Vegetarian meal preference	\N	direct	2026-02-23 16:37:38.370176	2026-02-23 16:37:38.370176	\N	\N
770025de-9f0d-4333-b0f1-675238c6731f	fb382836-e973-4917-b820-f684ca266dbc	BKMLZEGWGX	103146f7-84cb-4c0a-b807-bd98404ce4e3	948f13e6-87da-41ec-8515-605138c0b8de	1	\N	pending	0.00	0.00	0.00	0.00	USD	pending	\N	\N	0.00	\N	\N	\N	\N	Need full gear rental please	\N	direct	2026-02-23 16:37:38.530584	2026-02-23 16:37:38.530584	\N	\N
7ee5b878-2e1f-4985-b551-feb94a2f1251	fb382836-e973-4917-b820-f684ca266dbc	BKMLZEGWPR	4fd2907e-cfba-40a9-a26f-49dc806a64ff	f2d2365f-caea-4004-b616-567f25258917	1	\N	pending	0.00	0.00	0.00	0.00	USD	pending	\N	\N	0.00	\N	\N	\N	\N	\N	\N	direct	2026-02-23 16:37:38.848046	2026-02-23 16:37:38.848046	\N	\N
cb56d04d-8c0f-4959-b0d0-16d8e2b68b60	fb382836-e973-4917-b820-f684ca266dbc	BKMLZEGWUD	4fd2907e-cfba-40a9-a26f-49dc806a64ff	f56c15a1-4667-4372-a9d8-594837ea9a6b	1	\N	pending	0.00	0.00	0.00	0.00	USD	pending	\N	\N	0.00	\N	\N	\N	\N	\N	\N	direct	2026-02-23 16:37:39.013846	2026-02-23 16:37:39.013846	\N	\N
57767718-e4a9-4247-b73f-16f67d31a63e	fb382836-e973-4917-b820-f684ca266dbc	BKMLZEGWYW	5aea1110-5205-435d-b0e9-374d57ccb63e	fa17dbf3-d617-48f2-a58c-5c255240ce9a	2	\N	pending	0.00	0.00	0.00	0.00	USD	pending	\N	\N	0.00	\N	\N	\N	\N	Prefer morning slots if possible	\N	direct	2026-02-23 16:37:39.177235	2026-02-23 16:37:39.177235	\N	\N
cec96231-2107-4499-8bb2-f03ce43e4581	fb382836-e973-4917-b820-f684ca266dbc	BKMLZEGX38	5aea1110-5205-435d-b0e9-374d57ccb63e	bfbdfb15-892f-4809-9f7a-5342a68a6913	1	\N	pending	0.00	0.00	0.00	0.00	USD	pending	\N	\N	0.00	\N	\N	\N	\N	Photographing underwater - extra time at sites appreciated	\N	direct	2026-02-23 16:37:39.332528	2026-02-23 16:37:39.332528	\N	\N
bc767311-de2e-4626-8e4e-aa88935c3240	fb382836-e973-4917-b820-f684ca266dbc	BKMLZEGX7N	5aea1110-5205-435d-b0e9-374d57ccb63e	78032b8e-3a70-4539-952b-a06a3c009e40	1	\N	pending	0.00	0.00	0.00	0.00	USD	pending	\N	\N	0.00	\N	\N	\N	\N	\N	\N	direct	2026-02-23 16:37:39.491733	2026-02-23 16:37:39.491733	\N	\N
d7d1004e-231c-421a-87c6-0fad03039bce	fb382836-e973-4917-b820-f684ca266dbc	BKMLZEGRHE	7dec8718-2b90-4b5c-b995-5f784ebe0231	d5c1fc98-072f-44c1-b014-363005fec919	1	\N	pending	0.00	0.00	0.00	0.00	USD	pending	\N	\N	0.00	\N	\N	\N	\N	Need full gear rental please	\N	direct	2026-02-23 16:37:32.067702	2026-02-23 16:37:32.067702	\N	\N
d6bed8a2-852c-4b7d-b097-f3e30523192a	f7b61d99-4d2f-46d8-9566-f68689f8dabb	BKMLYJG6ZO	f742e5f6-ad35-4b20-b30e-d3c1566e670e	29a1381b-8c0c-4f64-babb-4eb36f5e90e5	1	\N	pending	0.00	0.00	0.00	0.00	USD	pending	\N	\N	0.00	\N	\N	\N	\N	\N	\N	direct	2026-02-23 02:09:17.413477	2026-02-23 02:09:17.413477	\N	\N
6d659ea1-d9fc-451a-9913-eb1ce7fd8c8a	fb382836-e973-4917-b820-f684ca266dbc	BKMLZEGRQG	8bd90a31-c274-4e63-a3d3-cc45362dac69	f2d2365f-caea-4004-b616-567f25258917	2	\N	pending	0.00	0.00	0.00	0.00	USD	pending	\N	\N	0.00	\N	\N	\N	\N	\N	\N	direct	2026-02-23 16:37:32.392965	2026-02-23 16:37:32.392965	\N	\N
023c3ba9-78f6-4842-b236-f229410ebd62	fb382836-e973-4917-b820-f684ca266dbc	BKMLZEGRUX	8bd90a31-c274-4e63-a3d3-cc45362dac69	f56c15a1-4667-4372-a9d8-594837ea9a6b	1	\N	pending	0.00	0.00	0.00	0.00	USD	pending	\N	\N	0.00	\N	\N	\N	\N	\N	\N	direct	2026-02-23 16:37:32.554093	2026-02-23 16:37:32.554093	\N	\N
0a94a02d-ec60-4bf6-9a04-17fe36c42182	fb382836-e973-4917-b820-f684ca266dbc	BKMLZEGRZE	8bd90a31-c274-4e63-a3d3-cc45362dac69	7cee53c1-0b90-49df-a84d-868f2f864df5	1	\N	pending	0.00	0.00	0.00	0.00	USD	pending	\N	\N	0.00	\N	\N	\N	\N	Prefer morning slots if possible	\N	direct	2026-02-23 16:37:32.71526	2026-02-23 16:37:32.71526	\N	\N
3c2edf68-849b-489a-bae6-e60cbedcb8ea	fb382836-e973-4917-b820-f684ca266dbc	BKMLZEGSHT	33e1f965-1507-4d3c-92b2-1e46b3a7ea7d	1b7feb0b-1477-4349-843f-a4173da411fe	2	\N	pending	0.00	0.00	0.00	0.00	USD	pending	\N	\N	0.00	\N	\N	\N	\N	\N	\N	direct	2026-02-23 16:37:33.377688	2026-02-23 16:37:33.377688	\N	\N
8eb7d400-fa00-424a-9364-19a540d41d27	fb382836-e973-4917-b820-f684ca266dbc	BKMLZEGSQM	33e1f965-1507-4d3c-92b2-1e46b3a7ea7d	ee065029-4008-46f5-b5fb-1e64e236e517	1	\N	pending	0.00	0.00	0.00	0.00	USD	pending	\N	\N	0.00	\N	\N	\N	\N	Celebrating anniversary - surprise would be lovely	\N	direct	2026-02-23 16:37:33.694887	2026-02-23 16:37:33.694887	\N	\N
91a464a3-ce23-477c-baa1-ce50e7734c8e	fb382836-e973-4917-b820-f684ca266dbc	BKMLZEGSZG	14be7672-b80a-4cb1-a9b1-a4c91c7c854a	8f189ebb-bf63-4371-be7f-7f946f0aa552	1	\N	pending	0.00	0.00	0.00	0.00	USD	pending	\N	\N	0.00	\N	\N	\N	\N	\N	\N	direct	2026-02-23 16:37:34.013309	2026-02-23 16:37:34.013309	\N	\N
e51529b6-cf3c-4434-ba76-c042c8797f19	fb382836-e973-4917-b820-f684ca266dbc	BKMLZEGT3V	14be7672-b80a-4cb1-a9b1-a4c91c7c854a	948f13e6-87da-41ec-8515-605138c0b8de	1	\N	pending	0.00	0.00	0.00	0.00	USD	pending	\N	\N	0.00	\N	\N	\N	\N	\N	\N	direct	2026-02-23 16:37:34.171575	2026-02-23 16:37:34.171575	\N	\N
37b640dc-5400-4d95-a08b-73253c3ec939	fb382836-e973-4917-b820-f684ca266dbc	BKMLZEGTH1	8d11b542-5c97-486c-8067-190fe6565acd	f2d2365f-caea-4004-b616-567f25258917	1	\N	pending	0.00	0.00	0.00	0.00	USD	pending	\N	\N	0.00	\N	\N	\N	\N	\N	\N	direct	2026-02-23 16:37:34.645788	2026-02-23 16:37:34.645788	\N	\N
39f4d17a-88ac-495b-b655-1374cfcedb8e	fb382836-e973-4917-b820-f684ca266dbc	BKMLZEGTPU	38e89c60-e415-4140-979f-370a100aae2f	bfbdfb15-892f-4809-9f7a-5342a68a6913	1	\N	pending	0.00	0.00	0.00	0.00	USD	pending	\N	\N	0.00	\N	\N	\N	\N	\N	\N	direct	2026-02-23 16:37:34.963197	2026-02-23 16:37:34.963197	\N	\N
8b1ca06a-eccb-4408-a2b2-a70072813133	fb382836-e973-4917-b820-f684ca266dbc	BKMLZEGTUF	38e89c60-e415-4140-979f-370a100aae2f	78032b8e-3a70-4539-952b-a06a3c009e40	1	\N	pending	0.00	0.00	0.00	0.00	USD	pending	\N	\N	0.00	\N	\N	\N	\N	Have my own regulator and BCD	\N	direct	2026-02-23 16:37:35.127747	2026-02-23 16:37:35.127747	\N	\N
79dacc79-d84c-4c0d-bbd9-a972d7f3204e	fb382836-e973-4917-b820-f684ca266dbc	BKMLZEGU35	408b783b-fadb-4174-8d0c-6b7ad8a432ee	92984f82-b1de-40e4-9efe-c6f79e309b69	1	\N	pending	0.00	0.00	0.00	0.00	USD	pending	\N	\N	0.00	\N	\N	\N	\N	\N	\N	direct	2026-02-23 16:37:35.442126	2026-02-23 16:37:35.442126	\N	\N
4dc4c3e5-53b9-403b-b3ee-c33238a38019	fb382836-e973-4917-b820-f684ca266dbc	BKMLZEGUGO	7c38a652-5d6c-4939-a510-0ad945608b46	285390a7-6fbb-4e64-afdc-7c33f6a4c2a4	1	\N	pending	0.00	0.00	0.00	0.00	USD	pending	\N	\N	0.00	\N	\N	\N	\N	Need full gear rental please	\N	direct	2026-02-23 16:37:35.929191	2026-02-23 16:37:35.929191	\N	\N
ed5f35c7-63d5-40d9-93b1-64a6379e5c09	fb382836-e973-4917-b820-f684ca266dbc	BKMLZEGUUS	b0501842-62d4-49da-9449-29b28fb7ad99	d5c1fc98-072f-44c1-b014-363005fec919	1	\N	pending	0.00	0.00	0.00	0.00	USD	pending	\N	\N	0.00	\N	\N	\N	\N	\N	\N	direct	2026-02-23 16:37:36.437126	2026-02-23 16:37:36.437126	\N	\N
fca0ad43-f763-4fb2-8f2f-1e89f7a7384c	fb382836-e973-4917-b820-f684ca266dbc	BKMLZEGV4E	19543c3c-cd22-45c3-a2a5-9d7ff5dddfc8	855a20f2-a96c-4602-8bfa-89521e8a6b94	2	\N	pending	0.00	0.00	0.00	0.00	USD	pending	\N	\N	0.00	\N	\N	\N	\N	Photographing underwater - extra time at sites appreciated	\N	direct	2026-02-23 16:37:36.782863	2026-02-23 16:37:36.782863	\N	\N
d9e70464-a656-4fd5-8d29-b4b9caa0dd34	fb382836-e973-4917-b820-f684ca266dbc	BKMLZEGVHT	62995f8c-6cbf-47b8-b717-4065f677ade8	78032b8e-3a70-4539-952b-a06a3c009e40	2	\N	pending	0.00	0.00	0.00	0.00	USD	pending	\N	\N	0.00	\N	\N	\N	\N	\N	\N	direct	2026-02-23 16:37:37.266277	2026-02-23 16:37:37.266277	\N	\N
1cb87220-9d12-4c36-a354-1fb2c018c4be	fb382836-e973-4917-b820-f684ca266dbc	BKMLZEGVM6	62995f8c-6cbf-47b8-b717-4065f677ade8	78eda58f-b0b3-4e09-96d1-01578f7102fd	1	\N	pending	0.00	0.00	0.00	0.00	USD	pending	\N	\N	0.00	\N	\N	\N	\N	\N	\N	direct	2026-02-23 16:37:37.423159	2026-02-23 16:37:37.423159	\N	\N
ea8aef65-5376-4507-b1a6-a8b0246ca6b7	fb382836-e973-4917-b820-f684ca266dbc	BKMLZEGVQN	62995f8c-6cbf-47b8-b717-4065f677ade8	08081589-e769-467b-b9c0-81b930e8135c	1	\N	pending	0.00	0.00	0.00	0.00	USD	pending	\N	\N	0.00	\N	\N	\N	\N	Celebrating anniversary - surprise would be lovely	\N	direct	2026-02-23 16:37:37.583644	2026-02-23 16:37:37.583644	\N	\N
a4503187-815c-4d5c-9bb2-82d8adf98990	fb382836-e973-4917-b820-f684ca266dbc	BKMLZEGVZD	b64fac33-0a8e-4596-a13c-e2ae65acbb8c	ee065029-4008-46f5-b5fb-1e64e236e517	1	\N	pending	0.00	0.00	0.00	0.00	USD	pending	\N	\N	0.00	\N	\N	\N	\N	\N	\N	direct	2026-02-23 16:37:37.898002	2026-02-23 16:37:37.898002	\N	\N
db2e63a1-b91c-408b-8b4b-453cae84e8e3	fb382836-e973-4917-b820-f684ca266dbc	BKMLZEGW84	103146f7-84cb-4c0a-b807-bd98404ce4e3	f0a43395-1c23-4e85-bd21-9e67dd39b72d	2	\N	pending	0.00	0.00	0.00	0.00	USD	pending	\N	\N	0.00	\N	\N	\N	\N	\N	\N	direct	2026-02-23 16:37:38.212782	2026-02-23 16:37:38.212782	\N	\N
d16e2334-7913-40ba-a8e9-d3435200e8ab	fb382836-e973-4917-b820-f684ca266dbc	BKMLZEGWLA	ed3cf6a0-0146-4862-bbea-06464660bd0d	d5c1fc98-072f-44c1-b014-363005fec919	2	\N	pending	0.00	0.00	0.00	0.00	USD	pending	\N	\N	0.00	\N	\N	\N	\N	\N	\N	direct	2026-02-23 16:37:38.687641	2026-02-23 16:37:38.687641	\N	\N
\.


--
-- Data for Name: equipment; Type: TABLE DATA; Schema: public; Owner: -
--

COPY public.equipment (id, organization_id, category, name, brand, model, serial_number, size, status, condition, rental_price, is_rentable, last_service_date, next_service_date, service_notes, purchase_date, purchase_price, notes, created_at, updated_at, barcode, is_public) FROM stdin;
667b3ea7-49c2-4a62-a498-61131d934be5	fb382836-e973-4917-b820-f684ca266dbc	bcd	BCD Small	Scubapro	Hydros Pro	\N	S	available	good	25.00	t	\N	\N	\N	\N	\N	\N	2026-02-23 16:37:03.464021	2026-02-23 16:37:03.464021	\N	t
445a703e-677b-409f-a363-9a7ee16dcfd9	fb382836-e973-4917-b820-f684ca266dbc	bcd	BCD Medium	Scubapro	Hydros Pro	\N	M	available	good	25.00	t	\N	\N	\N	\N	\N	\N	2026-02-23 16:37:03.624074	2026-02-23 16:37:03.624074	\N	t
8d919c55-ce1b-480d-97cb-ef248ec25386	fb382836-e973-4917-b820-f684ca266dbc	bcd	BCD Large	Scubapro	Hydros Pro	\N	L	available	good	25.00	t	\N	\N	\N	\N	\N	\N	2026-02-23 16:37:03.780405	2026-02-23 16:37:03.780405	\N	t
36328446-a8a7-4e41-9d9b-5dcb3e0a57b7	fb382836-e973-4917-b820-f684ca266dbc	bcd	BCD XLarge	Scubapro	Hydros Pro	\N	XL	available	good	25.00	t	\N	\N	\N	\N	\N	\N	2026-02-23 16:37:03.940194	2026-02-23 16:37:03.940194	\N	t
7d764fc0-a36d-494a-8420-2f6533df909b	fb382836-e973-4917-b820-f684ca266dbc	regulator	Regulator 1	Aqualung	Leg3nd Elite	\N	\N	available	good	20.00	t	\N	\N	\N	\N	\N	\N	2026-02-23 16:37:04.094723	2026-02-23 16:37:04.094723	\N	t
067b2b40-d6a7-44e2-b01c-46796d50345b	fb382836-e973-4917-b820-f684ca266dbc	regulator	Regulator 2	Aqualung	Leg3nd Elite	\N	\N	available	good	20.00	t	\N	\N	\N	\N	\N	\N	2026-02-23 16:37:04.24405	2026-02-23 16:37:04.24405	\N	t
52d6a21f-62d1-4c0b-bd94-fb0cf2201045	fb382836-e973-4917-b820-f684ca266dbc	regulator	Regulator 3	Aqualung	Leg3nd Elite	\N	\N	available	good	20.00	t	\N	\N	\N	\N	\N	\N	2026-02-23 16:37:04.401778	2026-02-23 16:37:04.401778	\N	t
7c937834-d0d3-48c1-ba32-ca5421e4fd6d	fb382836-e973-4917-b820-f684ca266dbc	regulator	Regulator 4	Aqualung	Leg3nd Elite	\N	\N	available	good	20.00	t	\N	\N	\N	\N	\N	\N	2026-02-23 16:37:04.558303	2026-02-23 16:37:04.558303	\N	t
b516dc4f-736c-4547-bedc-83d361efd031	fb382836-e973-4917-b820-f684ca266dbc	wetsuit	Wetsuit 3mm Small	Bare	Sport 3mm	\N	S	available	good	15.00	t	\N	\N	\N	\N	\N	\N	2026-02-23 16:37:04.718015	2026-02-23 16:37:04.718015	\N	t
44682e5d-b135-414b-8ac7-926dc1730a0e	fb382836-e973-4917-b820-f684ca266dbc	wetsuit	Wetsuit 3mm Medium	Bare	Sport 3mm	\N	M	available	good	15.00	t	\N	\N	\N	\N	\N	\N	2026-02-23 16:37:04.87748	2026-02-23 16:37:04.87748	\N	t
bc8efc93-3d83-4952-8315-89a512cc62dc	fb382836-e973-4917-b820-f684ca266dbc	wetsuit	Wetsuit 3mm Large	Bare	Sport 3mm	\N	L	available	good	15.00	t	\N	\N	\N	\N	\N	\N	2026-02-23 16:37:05.036175	2026-02-23 16:37:05.036175	\N	t
20e0053c-862e-479b-88be-e6d99d2bc083	fb382836-e973-4917-b820-f684ca266dbc	wetsuit	Wetsuit 5mm Small	Bare	Sport 5mm	\N	S	available	good	15.00	t	\N	\N	\N	\N	\N	\N	2026-02-23 16:37:05.195155	2026-02-23 16:37:05.195155	\N	t
bd36e70e-1264-47d5-81d7-57396b4a5306	fb382836-e973-4917-b820-f684ca266dbc	wetsuit	Wetsuit 5mm Medium	Bare	Sport 5mm	\N	M	available	good	15.00	t	\N	\N	\N	\N	\N	\N	2026-02-23 16:37:05.351949	2026-02-23 16:37:05.351949	\N	t
2f707a34-347e-482a-8e33-fbfa89b02510	fb382836-e973-4917-b820-f684ca266dbc	wetsuit	Wetsuit 5mm Large	Bare	Sport 5mm	\N	L	available	good	15.00	t	\N	\N	\N	\N	\N	\N	2026-02-23 16:37:05.504895	2026-02-23 16:37:05.504895	\N	t
3f81b249-d4e6-4046-aab0-52ca5fc47a0a	fb382836-e973-4917-b820-f684ca266dbc	mask	Mask 1	Cressi	Big Eyes	\N	\N	available	good	8.00	t	\N	\N	\N	\N	\N	\N	2026-02-23 16:37:05.659291	2026-02-23 16:37:05.659291	\N	t
ae27d3e4-bc11-4c85-a864-9071fe3eb760	fb382836-e973-4917-b820-f684ca266dbc	mask	Mask 2	Cressi	Big Eyes	\N	\N	available	good	8.00	t	\N	\N	\N	\N	\N	\N	2026-02-23 16:37:05.817592	2026-02-23 16:37:05.817592	\N	t
2fa0b05d-db85-4d18-8c62-993e8d5d0642	fb382836-e973-4917-b820-f684ca266dbc	mask	Mask 3	Cressi	Big Eyes	\N	\N	available	good	8.00	t	\N	\N	\N	\N	\N	\N	2026-02-23 16:37:05.970806	2026-02-23 16:37:05.970806	\N	t
5487c9e8-cda9-4905-80cd-d74d1f6c2175	fb382836-e973-4917-b820-f684ca266dbc	mask	Mask 4	Cressi	Big Eyes	\N	\N	available	good	8.00	t	\N	\N	\N	\N	\N	\N	2026-02-23 16:37:06.13365	2026-02-23 16:37:06.13365	\N	t
67bc0382-bec3-4d70-9201-f15b39db4017	fb382836-e973-4917-b820-f684ca266dbc	fins	Fins Small	Mares	Avanti Tre	\N	S	available	good	10.00	t	\N	\N	\N	\N	\N	\N	2026-02-23 16:37:06.284309	2026-02-23 16:37:06.284309	\N	t
1a3d1f0b-6907-438c-bbe6-0415308cacc4	fb382836-e973-4917-b820-f684ca266dbc	fins	Fins Medium	Mares	Avanti Tre	\N	M	available	good	10.00	t	\N	\N	\N	\N	\N	\N	2026-02-23 16:37:06.440456	2026-02-23 16:37:06.440456	\N	t
071bb869-e507-4d09-ad88-e4882d9bacdc	fb382836-e973-4917-b820-f684ca266dbc	fins	Fins Large	Mares	Avanti Tre	\N	L	available	good	10.00	t	\N	\N	\N	\N	\N	\N	2026-02-23 16:37:06.603109	2026-02-23 16:37:06.603109	\N	t
2ae4aa1e-3628-4dbe-a3c7-51fe49ad6f03	fb382836-e973-4917-b820-f684ca266dbc	fins	Fins XLarge	Mares	Avanti Tre	\N	XL	available	good	10.00	t	\N	\N	\N	\N	\N	\N	2026-02-23 16:37:06.771846	2026-02-23 16:37:06.771846	\N	t
1f897aa5-f6b2-4dc5-b144-41f626f0e4bc	fb382836-e973-4917-b820-f684ca266dbc	computer	Dive Computer 1	Suunto	D5	\N	\N	available	good	30.00	t	\N	\N	\N	\N	\N	\N	2026-02-23 16:37:06.932168	2026-02-23 16:37:06.932168	\N	t
c2ddbdee-be1b-4f0b-88a6-dab0d5cf6d85	fb382836-e973-4917-b820-f684ca266dbc	computer	Dive Computer 2	Suunto	D5	\N	\N	available	good	30.00	t	\N	\N	\N	\N	\N	\N	2026-02-23 16:37:07.085874	2026-02-23 16:37:07.085874	\N	t
dadcc937-145f-4a20-84de-49fba7d9a54e	fb382836-e973-4917-b820-f684ca266dbc	computer	Dive Computer 3	Suunto	D5	\N	\N	available	good	30.00	t	\N	\N	\N	\N	\N	\N	2026-02-23 16:37:07.240133	2026-02-23 16:37:07.240133	\N	t
98d9dc8c-c143-4422-b300-1ec613801f60	fb382836-e973-4917-b820-f684ca266dbc	computer	Dive Computer 4	Suunto	D5	\N	\N	available	good	30.00	t	\N	\N	\N	\N	\N	\N	2026-02-23 16:37:07.397224	2026-02-23 16:37:07.397224	\N	t
aad04f39-aa13-475c-af31-6606e482a8d0	fb382836-e973-4917-b820-f684ca266dbc	other	Dive Torch 1	UK Light	C8 eLED	\N	\N	available	good	12.00	t	\N	\N	\N	\N	\N	\N	2026-02-23 16:37:07.554602	2026-02-23 16:37:07.554602	\N	t
b6bf034b-9726-46d1-93db-1da957c7aa60	fb382836-e973-4917-b820-f684ca266dbc	other	Dive Torch 2	UK Light	C8 eLED	\N	\N	available	good	12.00	t	\N	\N	\N	\N	\N	\N	2026-02-23 16:37:07.709057	2026-02-23 16:37:07.709057	\N	t
6e9b7049-fad4-42cc-82fa-ad99bc4139f6	fb382836-e973-4917-b820-f684ca266dbc	other	Dive Torch 3	UK Light	C8 eLED	\N	\N	available	good	12.00	t	\N	\N	\N	\N	\N	\N	2026-02-23 16:37:07.862394	2026-02-23 16:37:07.862394	\N	t
22200141-fb1a-49e9-9ba4-c4fb2b61ce4d	fb382836-e973-4917-b820-f684ca266dbc	tank	12L Steel Tank 1	Faber	Steel HP	\N	\N	available	good	\N	f	\N	\N	\N	\N	\N	\N	2026-02-23 16:37:08.013301	2026-02-23 16:37:08.013301	\N	f
21ad0c88-1aae-450e-8f61-cfc30580944c	fb382836-e973-4917-b820-f684ca266dbc	tank	12L Steel Tank 2	Faber	Steel HP	\N	\N	available	good	\N	f	\N	\N	\N	\N	\N	\N	2026-02-23 16:37:08.177113	2026-02-23 16:37:08.177113	\N	f
ec0cc930-f311-4993-ad8c-227db2d1282e	fb382836-e973-4917-b820-f684ca266dbc	tank	12L Steel Tank 3	Faber	Steel HP	\N	\N	available	good	\N	f	\N	\N	\N	\N	\N	\N	2026-02-23 16:37:08.33276	2026-02-23 16:37:08.33276	\N	f
684994f3-684f-471d-b1d3-a541f762292f	fb382836-e973-4917-b820-f684ca266dbc	tank	12L Steel Tank 4	Faber	Steel HP	\N	\N	available	good	\N	f	\N	\N	\N	\N	\N	\N	2026-02-23 16:37:08.490672	2026-02-23 16:37:08.490672	\N	f
0a9ab875-79dd-4a03-ba17-034fad327c16	fb382836-e973-4917-b820-f684ca266dbc	tank	12L Steel Tank 5	Faber	Steel HP	\N	\N	available	good	\N	f	\N	\N	\N	\N	\N	\N	2026-02-23 16:37:08.643895	2026-02-23 16:37:08.643895	\N	f
9259ad61-93ff-46b8-994a-c59bce7fb9cf	fb382836-e973-4917-b820-f684ca266dbc	tank	12L Steel Tank 6	Faber	Steel HP	\N	\N	available	good	\N	f	\N	\N	\N	\N	\N	\N	2026-02-23 16:37:08.804372	2026-02-23 16:37:08.804372	\N	f
\.


--
-- Data for Name: gallery_albums; Type: TABLE DATA; Schema: public; Owner: -
--

COPY public.gallery_albums (id, organization_id, name, description, slug, cover_image_url, sort_order, is_public, created_at, updated_at) FROM stdin;
d4b34371-8a7c-43ea-881d-88704f0163ec	fb382836-e973-4917-b820-f684ca266dbc	Reef Dives	Stunning coral reef explorations from our local dive sites	reef-dives	\N	0	t	2026-02-23 16:37:39.645998	2026-02-23 16:37:39.645998
20208757-1c3d-4457-90a3-561621e3819d	fb382836-e973-4917-b820-f684ca266dbc	Wreck Diving	Exploring historic shipwrecks and their marine inhabitants	wreck-diving	\N	1	t	2026-02-23 16:37:43.308393	2026-02-23 16:37:43.308393
150cff7c-344d-4dd8-a21b-67a9f95a1dc0	fb382836-e973-4917-b820-f684ca266dbc	Marine Life	The incredible diversity of marine creatures we encounter	marine-life	\N	2	t	2026-02-23 16:37:46.320307	2026-02-23 16:37:46.320307
922bb1f8-47b5-429d-a876-5f0d882f3005	fb382836-e973-4917-b820-f684ca266dbc	Night Dives	The ocean transforms after dark - magical bioluminescence and nocturnal creatures	night-dives	\N	3	t	2026-02-23 16:37:49.135992	2026-02-23 16:37:49.135992
1de6772a-cb8c-4cf6-a77b-c41ccd5a0a33	fb382836-e973-4917-b820-f684ca266dbc	Students	Our students learning and achieving their dive certifications	students	\N	4	t	2026-02-23 16:37:51.987536	2026-02-23 16:37:51.987536
d75f8eba-dd82-4a5f-93a4-e6f337f09376	fb382836-e973-4917-b820-f684ca266dbc	Equipment Showcase	Our premium dive equipment available for rental and purchase	equipment-showcase	\N	5	t	2026-02-23 16:37:54.528723	2026-02-23 16:37:54.528723
\.


--
-- Data for Name: gallery_images; Type: TABLE DATA; Schema: public; Owner: -
--

COPY public.gallery_images (id, organization_id, album_id, title, description, image_url, thumbnail_url, category, tags, date_taken, location, photographer, trip_id, width, height, sort_order, is_featured, status, metadata, created_at, updated_at) FROM stdin;
b4b82c7d-bed0-43df-bd19-9123d83ccee2	fb382836-e973-4917-b820-f684ca266dbc	d4b34371-8a7c-43ea-881d-88704f0163ec	Coral Garden Reef	\N	https://divestreams-images.s3.us-east-1.amazonaws.com/demo/gallery/d4b34371-8a7c-43ea-881d-88704f0163ec/1771864660729-1559825481-12a05cc00344.jpg.webp	https://divestreams-images.s3.us-east-1.amazonaws.com/demo/gallery/d4b34371-8a7c-43ea-881d-88704f0163ec/1771864660729-1559825481-12a05cc00344.jpg-thumb.webp	coral-reefs	[]	\N	Blue Coral Garden	\N	\N	864	1080	0	f	published	\N	2026-02-23 16:37:41.025126	2026-02-23 16:37:41.025126
83c5f95a-dabc-427e-a727-ec846034b038	fb382836-e973-4917-b820-f684ca266dbc	d4b34371-8a7c-43ea-881d-88704f0163ec	Reef Fish Schools	\N	https://divestreams-images.s3.us-east-1.amazonaws.com/demo/gallery/d4b34371-8a7c-43ea-881d-88704f0163ec/1771864661589-1583212292454-1fe6229603b7.jpg.webp	https://divestreams-images.s3.us-east-1.amazonaws.com/demo/gallery/d4b34371-8a7c-43ea-881d-88704f0163ec/1771864661589-1583212292454-1fe6229603b7.jpg-thumb.webp	coral-reefs	[]	\N	Rainbow Reef	\N	\N	1200	900	0	f	published	\N	2026-02-23 16:37:41.845664	2026-02-23 16:37:41.845664
ac99bd32-091d-4cbd-8e38-178b53f67fed	fb382836-e973-4917-b820-f684ca266dbc	d4b34371-8a7c-43ea-881d-88704f0163ec	Hard Coral Formation	\N	https://divestreams-images.s3.us-east-1.amazonaws.com/demo/gallery/d4b34371-8a7c-43ea-881d-88704f0163ec/1771864662404-1544551763-46a013bb70d5.jpg.webp	https://divestreams-images.s3.us-east-1.amazonaws.com/demo/gallery/d4b34371-8a7c-43ea-881d-88704f0163ec/1771864662404-1544551763-46a013bb70d5.jpg-thumb.webp	coral-reefs	[]	\N	North Reef Wall	\N	\N	1200	800	0	f	published	\N	2026-02-23 16:37:42.553835	2026-02-23 16:37:42.553835
46648b2a-38f2-48e2-9d9c-d1700136cdc4	fb382836-e973-4917-b820-f684ca266dbc	d4b34371-8a7c-43ea-881d-88704f0163ec	Sea Fan Colony	\N	https://divestreams-images.s3.us-east-1.amazonaws.com/demo/gallery/d4b34371-8a7c-43ea-881d-88704f0163ec/1771864662970-1682687220742-aba13b6e50ba.jpg.webp	https://divestreams-images.s3.us-east-1.amazonaws.com/demo/gallery/d4b34371-8a7c-43ea-881d-88704f0163ec/1771864662970-1682687220742-aba13b6e50ba.jpg-thumb.webp	coral-reefs	[]	\N	Deep Reef Drop-off	\N	\N	1200	800	0	f	published	\N	2026-02-23 16:37:43.101874	2026-02-23 16:37:43.101874
0ed918f8-8ac7-419f-9610-da43fed4c63e	fb382836-e973-4917-b820-f684ca266dbc	20208757-1c3d-4457-90a3-561621e3819d	SS Liberty Wreck	\N	https://divestreams-images.s3.us-east-1.amazonaws.com/demo/gallery/20208757-1c3d-4457-90a3-561621e3819d/1771864663770-1571752726703-5e7d1f6a986d.jpg.webp	https://divestreams-images.s3.us-east-1.amazonaws.com/demo/gallery/20208757-1c3d-4457-90a3-561621e3819d/1771864663770-1571752726703-5e7d1f6a986d.jpg-thumb.webp	wrecks	[]	\N	SS Liberty, Tulamben	\N	\N	1200	806	0	f	published	\N	2026-02-23 16:37:43.89595	2026-02-23 16:37:43.89595
031721a5-9541-4fd9-8a8a-4acbeb46640b	fb382836-e973-4917-b820-f684ca266dbc	20208757-1c3d-4457-90a3-561621e3819d	Wreck Bow Section	\N	https://divestreams-images.s3.us-east-1.amazonaws.com/demo/gallery/20208757-1c3d-4457-90a3-561621e3819d/1771864664344-1544551763-77ef2d0cfc6c.jpg.webp	https://divestreams-images.s3.us-east-1.amazonaws.com/demo/gallery/20208757-1c3d-4457-90a3-561621e3819d/1771864664344-1544551763-77ef2d0cfc6c.jpg-thumb.webp	wrecks	[]	\N	USAT Liberty	\N	\N	1200	800	0	f	published	\N	2026-02-23 16:37:44.478876	2026-02-23 16:37:44.478876
30cad73f-dc48-46e9-a5d9-1889e730339b	fb382836-e973-4917-b820-f684ca266dbc	20208757-1c3d-4457-90a3-561621e3819d	Coral-Encrusted Anchor	\N	https://divestreams-images.s3.us-east-1.amazonaws.com/demo/gallery/20208757-1c3d-4457-90a3-561621e3819d/1771864665033-1560275619-4662e36fa65c.jpg.webp	https://divestreams-images.s3.us-east-1.amazonaws.com/demo/gallery/20208757-1c3d-4457-90a3-561621e3819d/1771864665033-1560275619-4662e36fa65c.jpg-thumb.webp	wrecks	[]	\N	Anchor Wreck Site	\N	\N	1200	774	0	f	published	\N	2026-02-23 16:37:45.142804	2026-02-23 16:37:45.142804
de83855d-0b2e-42c5-adcc-44e3e5f1c423	fb382836-e973-4917-b820-f684ca266dbc	20208757-1c3d-4457-90a3-561621e3819d	Inside the Wreck	\N	https://divestreams-images.s3.us-east-1.amazonaws.com/demo/gallery/20208757-1c3d-4457-90a3-561621e3819d/1771864665959-1582967788606-a171c1080cb0.jpg.webp	https://divestreams-images.s3.us-east-1.amazonaws.com/demo/gallery/20208757-1c3d-4457-90a3-561621e3819d/1771864665959-1582967788606-a171c1080cb0.jpg-thumb.webp	wrecks	[]	\N	Sunken Cargo Ship	\N	\N	810	1080	0	f	published	\N	2026-02-23 16:37:46.104039	2026-02-23 16:37:46.104039
a796a227-0f49-4203-816c-67d9be1b7ad8	fb382836-e973-4917-b820-f684ca266dbc	150cff7c-344d-4dd8-a21b-67a9f95a1dc0	Sea Turtle Encounter	\N	https://divestreams-images.s3.us-east-1.amazonaws.com/demo/gallery/150cff7c-344d-4dd8-a21b-67a9f95a1dc0/1771864666742-1544551763-77ef2d0cfc6c.jpg.webp	https://divestreams-images.s3.us-east-1.amazonaws.com/demo/gallery/150cff7c-344d-4dd8-a21b-67a9f95a1dc0/1771864666742-1544551763-77ef2d0cfc6c.jpg-thumb.webp	marine-life	[]	\N	Turtle Bay	\N	\N	1200	800	0	f	published	\N	2026-02-23 16:37:46.891769	2026-02-23 16:37:46.891769
67dc667c-6b5e-4b80-b256-4df5ba038c8e	fb382836-e973-4917-b820-f684ca266dbc	150cff7c-344d-4dd8-a21b-67a9f95a1dc0	Manta Ray Pass	\N	https://divestreams-images.s3.us-east-1.amazonaws.com/demo/gallery/150cff7c-344d-4dd8-a21b-67a9f95a1dc0/1771864667402-1547592180-85f173990554.jpg.webp	https://divestreams-images.s3.us-east-1.amazonaws.com/demo/gallery/150cff7c-344d-4dd8-a21b-67a9f95a1dc0/1771864667402-1547592180-85f173990554.jpg-thumb.webp	marine-life	[]	\N	Manta Point	\N	\N	1200	800	0	f	published	\N	2026-02-23 16:37:47.70989	2026-02-23 16:37:47.70989
01b8e2b8-8f04-4da4-bb9f-f21ef705d3cb	fb382836-e973-4917-b820-f684ca266dbc	150cff7c-344d-4dd8-a21b-67a9f95a1dc0	Clownfish Family	\N	https://divestreams-images.s3.us-east-1.amazonaws.com/demo/gallery/150cff7c-344d-4dd8-a21b-67a9f95a1dc0/1771864668181-1583212292454-1fe6229603b7.jpg.webp	https://divestreams-images.s3.us-east-1.amazonaws.com/demo/gallery/150cff7c-344d-4dd8-a21b-67a9f95a1dc0/1771864668181-1583212292454-1fe6229603b7.jpg-thumb.webp	marine-life	[]	\N	Anemone Garden	\N	\N	1200	900	0	f	published	\N	2026-02-23 16:37:48.324799	2026-02-23 16:37:48.324799
0b97bde1-d948-4010-8004-11e64c278cc0	fb382836-e973-4917-b820-f684ca266dbc	150cff7c-344d-4dd8-a21b-67a9f95a1dc0	Reef Shark Patrol	\N	https://divestreams-images.s3.us-east-1.amazonaws.com/demo/gallery/150cff7c-344d-4dd8-a21b-67a9f95a1dc0/1771864668780-1516690561799-46d8f74f9abf.jpg.webp	https://divestreams-images.s3.us-east-1.amazonaws.com/demo/gallery/150cff7c-344d-4dd8-a21b-67a9f95a1dc0/1771864668780-1516690561799-46d8f74f9abf.jpg-thumb.webp	marine-life	[]	\N	Shark Bay	\N	\N	1200	800	0	f	published	\N	2026-02-23 16:37:48.918543	2026-02-23 16:37:48.918543
f59c9f05-6105-4cd4-b1e7-21db7c21f460	fb382836-e973-4917-b820-f684ca266dbc	922bb1f8-47b5-429d-a876-5f0d882f3005	Octopus Hunt	\N	https://divestreams-images.s3.us-east-1.amazonaws.com/demo/gallery/922bb1f8-47b5-429d-a876-5f0d882f3005/1771864669553-1560275619-4662e36fa65c.jpg.webp	https://divestreams-images.s3.us-east-1.amazonaws.com/demo/gallery/922bb1f8-47b5-429d-a876-5f0d882f3005/1771864669553-1560275619-4662e36fa65c.jpg-thumb.webp	underwater	[]	\N	Night Beach Dive	\N	\N	1200	774	0	f	published	\N	2026-02-23 16:37:49.68401	2026-02-23 16:37:49.68401
00ae21a0-6e4a-48bf-812c-f427f5f96153	fb382836-e973-4917-b820-f684ca266dbc	922bb1f8-47b5-429d-a876-5f0d882f3005	Bioluminescent Plankton	\N	https://divestreams-images.s3.us-east-1.amazonaws.com/demo/gallery/922bb1f8-47b5-429d-a876-5f0d882f3005/1771864670188-1582967788606-a171c1080cb0.jpg.webp	https://divestreams-images.s3.us-east-1.amazonaws.com/demo/gallery/922bb1f8-47b5-429d-a876-5f0d882f3005/1771864670188-1582967788606-a171c1080cb0.jpg-thumb.webp	underwater	[]	\N	Plankton Bay	\N	\N	810	1080	0	f	published	\N	2026-02-23 16:37:50.352269	2026-02-23 16:37:50.352269
db136c21-72ff-402f-89cf-01f5953badb2	fb382836-e973-4917-b820-f684ca266dbc	922bb1f8-47b5-429d-a876-5f0d882f3005	Lobster on the Move	\N	https://divestreams-images.s3.us-east-1.amazonaws.com/demo/gallery/922bb1f8-47b5-429d-a876-5f0d882f3005/1771864670734-1571752726703-5e7d1f6a986d.jpg.webp	https://divestreams-images.s3.us-east-1.amazonaws.com/demo/gallery/922bb1f8-47b5-429d-a876-5f0d882f3005/1771864670734-1571752726703-5e7d1f6a986d.jpg-thumb.webp	marine-life	[]	\N	Rocky Night Site	\N	\N	1200	806	0	f	published	\N	2026-02-23 16:37:50.835751	2026-02-23 16:37:50.835751
6cdbd58b-83f7-4055-9821-317e35243ded	fb382836-e973-4917-b820-f684ca266dbc	922bb1f8-47b5-429d-a876-5f0d882f3005	Sleeping Fish	\N	https://divestreams-images.s3.us-east-1.amazonaws.com/demo/gallery/922bb1f8-47b5-429d-a876-5f0d882f3005/1771864671429-1544551763-46a013bb70d5.jpg.webp	https://divestreams-images.s3.us-east-1.amazonaws.com/demo/gallery/922bb1f8-47b5-429d-a876-5f0d882f3005/1771864671429-1544551763-46a013bb70d5.jpg-thumb.webp	marine-life	[]	\N	Coral Night Site	\N	\N	1200	800	0	f	published	\N	2026-02-23 16:37:51.785584	2026-02-23 16:37:51.785584
338e2ee2-005e-400b-ba73-a604f8765c16	fb382836-e973-4917-b820-f684ca266dbc	1de6772a-cb8c-4cf6-a77b-c41ccd5a0a33	First Open Water Dive	\N	https://divestreams-images.s3.us-east-1.amazonaws.com/demo/gallery/1de6772a-cb8c-4cf6-a77b-c41ccd5a0a33/1771864673067-1583212292454-1fe6229603b7.jpg.webp	https://divestreams-images.s3.us-east-1.amazonaws.com/demo/gallery/1de6772a-cb8c-4cf6-a77b-c41ccd5a0a33/1771864673067-1583212292454-1fe6229603b7.jpg-thumb.webp	customers	[]	\N	Beginner Beach Site	\N	\N	1200	900	0	f	published	\N	2026-02-23 16:37:53.260246	2026-02-23 16:37:53.260246
27ad2950-e636-464f-9b95-38168b9abd9b	fb382836-e973-4917-b820-f684ca266dbc	1de6772a-cb8c-4cf6-a77b-c41ccd5a0a33	Open Water Training	\N	https://divestreams-images.s3.us-east-1.amazonaws.com/demo/gallery/1de6772a-cb8c-4cf6-a77b-c41ccd5a0a33/1771864672516-1559825481-12a05cc00344.jpg.webp	https://divestreams-images.s3.us-east-1.amazonaws.com/demo/gallery/1de6772a-cb8c-4cf6-a77b-c41ccd5a0a33/1771864672516-1559825481-12a05cc00344.jpg-thumb.webp	customers	[]	\N	Pool - Main Center	\N	\N	864	1080	0	f	published	\N	2026-02-23 16:37:52.634702	2026-02-23 16:37:52.634702
a31c1386-f554-4742-ae0c-d31fd77fd621	fb382836-e973-4917-b820-f684ca266dbc	1de6772a-cb8c-4cf6-a77b-c41ccd5a0a33	Buoyancy Practice	\N	https://divestreams-images.s3.us-east-1.amazonaws.com/demo/gallery/1de6772a-cb8c-4cf6-a77b-c41ccd5a0a33/1771864674207-1547592180-85f173990554.jpg.webp	https://divestreams-images.s3.us-east-1.amazonaws.com/demo/gallery/1de6772a-cb8c-4cf6-a77b-c41ccd5a0a33/1771864674207-1547592180-85f173990554.jpg-thumb.webp	customers	[]	\N	Pool - Main Center	\N	\N	1200	800	0	f	published	\N	2026-02-23 16:37:54.32789	2026-02-23 16:37:54.32789
669764e0-942a-4f5a-97bf-354411382899	fb382836-e973-4917-b820-f684ca266dbc	1de6772a-cb8c-4cf6-a77b-c41ccd5a0a33	Certification Day!	\N	https://divestreams-images.s3.us-east-1.amazonaws.com/demo/gallery/1de6772a-cb8c-4cf6-a77b-c41ccd5a0a33/1771864673662-1544551763-46a013bb70d5.jpg.webp	https://divestreams-images.s3.us-east-1.amazonaws.com/demo/gallery/1de6772a-cb8c-4cf6-a77b-c41ccd5a0a33/1771864673662-1544551763-46a013bb70d5.jpg-thumb.webp	customers	[]	\N	Main Dive Center	\N	\N	1200	800	0	f	published	\N	2026-02-23 16:37:53.797525	2026-02-23 16:37:53.797525
2c2f279e-0fb9-40e2-86c2-9e7180c12962	fb382836-e973-4917-b820-f684ca266dbc	d75f8eba-dd82-4a5f-93a4-e6f337f09376	Premium BCD Collection	\N	https://divestreams-images.s3.us-east-1.amazonaws.com/demo/gallery/d75f8eba-dd82-4a5f-93a4-e6f337f09376/1771864674885-1571752726703-5e7d1f6a986d.jpg.webp	https://divestreams-images.s3.us-east-1.amazonaws.com/demo/gallery/d75f8eba-dd82-4a5f-93a4-e6f337f09376/1771864674885-1571752726703-5e7d1f6a986d.jpg-thumb.webp	equipment	[]	\N	Equipment Room	\N	\N	1200	806	0	f	published	\N	2026-02-23 16:37:54.978019	2026-02-23 16:37:54.978019
c16dcb14-bd0c-40e8-a576-6b97b61cce0c	fb382836-e973-4917-b820-f684ca266dbc	d75f8eba-dd82-4a5f-93a4-e6f337f09376	Regulator Setup	\N	https://divestreams-images.s3.us-east-1.amazonaws.com/demo/gallery/d75f8eba-dd82-4a5f-93a4-e6f337f09376/1771864675437-1559825481-12a05cc00344.jpg.webp	https://divestreams-images.s3.us-east-1.amazonaws.com/demo/gallery/d75f8eba-dd82-4a5f-93a4-e6f337f09376/1771864675437-1559825481-12a05cc00344.jpg-thumb.webp	equipment	[]	\N	Service Center	\N	\N	864	1080	0	f	published	\N	2026-02-23 16:37:55.584259	2026-02-23 16:37:55.584259
1f6817df-fbb4-4bda-9d85-b01fc9b092b5	fb382836-e973-4917-b820-f684ca266dbc	d75f8eba-dd82-4a5f-93a4-e6f337f09376	Wetsuit Selection	\N	https://divestreams-images.s3.us-east-1.amazonaws.com/demo/gallery/d75f8eba-dd82-4a5f-93a4-e6f337f09376/1771864676032-1583212292454-1fe6229603b7.jpg.webp	https://divestreams-images.s3.us-east-1.amazonaws.com/demo/gallery/d75f8eba-dd82-4a5f-93a4-e6f337f09376/1771864676032-1583212292454-1fe6229603b7.jpg-thumb.webp	equipment	[]	\N	Gear Room	\N	\N	1200	900	0	f	published	\N	2026-02-23 16:37:56.217283	2026-02-23 16:37:56.217283
5d3ed536-a3f2-4817-b9e6-b5db6654e6cf	fb382836-e973-4917-b820-f684ca266dbc	d75f8eba-dd82-4a5f-93a4-e6f337f09376	Mask and Fins Display	\N	https://divestreams-images.s3.us-east-1.amazonaws.com/demo/gallery/d75f8eba-dd82-4a5f-93a4-e6f337f09376/1771864676605-1560275619-4662e36fa65c.jpg.webp	https://divestreams-images.s3.us-east-1.amazonaws.com/demo/gallery/d75f8eba-dd82-4a5f-93a4-e6f337f09376/1771864676605-1560275619-4662e36fa65c.jpg-thumb.webp	equipment	[]	\N	Equipment Store	\N	\N	1200	774	0	f	published	\N	2026-02-23 16:37:56.713085	2026-02-23 16:37:56.713085
\.


--
-- Data for Name: training_courses; Type: TABLE DATA; Schema: public; Owner: -
--

COPY public.training_courses (id, organization_id, agency_id, level_id, name, code, description, duration_days, classroom_hours, pool_hours, open_water_dives, price, currency, deposit_required, deposit_amount, min_students, max_students, materials_included, equipment_included, included_items, required_items, min_age, prerequisites, required_cert_level, medical_requirements, images, is_public, is_active, sort_order, created_at, updated_at, template_id, template_hash) FROM stdin;
dfdad51e-c0bf-45c2-b5b0-73bbe7685b20	fb382836-e973-4917-b820-f684ca266dbc	\N	\N	PADI Open Water Diver	OWD	The world's most popular scuba diving course. Learn to dive in just 3-4 days.	4	8	4	4	399.00	USD	f	\N	1	8	t	t	\N	\N	10	\N	\N	\N	\N	t	t	0	2026-02-23 16:37:19.755103	2026-02-23 16:37:19.755103	\N	\N
f0c012de-913d-433d-9c18-e1ac2514a05c	fb382836-e973-4917-b820-f684ca266dbc	\N	\N	PADI Advanced Open Water	AOWD	Improve your dive skills and expand your knowledge with 5 adventure dives.	3	4	0	5	299.00	USD	f	\N	1	6	t	t	\N	\N	12	\N	\N	\N	\N	t	t	0	2026-02-23 16:37:19.922257	2026-02-23 16:37:19.922257	\N	\N
be0243eb-018a-43ab-8097-3ea27b515593	fb382836-e973-4917-b820-f684ca266dbc	\N	\N	PADI Rescue Diver	RD	Learn to prevent and manage problems in and out of the water.	3	8	4	4	349.00	USD	f	\N	1	6	t	t	\N	\N	12	\N	\N	\N	\N	t	t	0	2026-02-23 16:37:20.079019	2026-02-23 16:37:20.079019	\N	\N
3b0a662d-a20b-4ac4-86ff-ea68c8c6b8ef	fb382836-e973-4917-b820-f684ca266dbc	\N	\N	PADI Divemaster	DM	Take the first step in your dive professional career.	30	40	20	20	1200.00	USD	f	\N	1	4	t	t	\N	\N	18	\N	\N	\N	\N	t	t	0	2026-02-23 16:37:20.234874	2026-02-23 16:37:20.234874	\N	\N
00fc896d-53c9-43cd-b758-b41692403e7a	fb382836-e973-4917-b820-f684ca266dbc	\N	\N	PADI Emergency First Response	EFR	Learn CPR and first aid skills that can save a life.	1	8	0	0	149.00	USD	f	\N	1	8	t	t	\N	\N	10	\N	\N	\N	\N	t	t	0	2026-02-23 16:37:20.392358	2026-02-23 16:37:20.392358	\N	\N
ab5e1460-da82-4acc-a308-ceb3cf3749a6	fb382836-e973-4917-b820-f684ca266dbc	\N	\N	PADI Enriched Air Nitrox	EANx	Learn to use nitrox for longer bottom times and safer diving.	1	4	0	0	149.00	USD	f	\N	1	8	t	t	\N	\N	15	\N	\N	\N	\N	t	t	0	2026-02-23 16:37:20.546409	2026-02-23 16:37:20.546409	\N	\N
5f79d234-ecf2-4019-bee2-1b2f84b89053	fb382836-e973-4917-b820-f684ca266dbc	\N	\N	PADI Deep Diver Specialty	DEEP	Go beyond recreational limits with proper deep diving techniques.	2	4	0	4	249.00	USD	f	\N	1	6	t	t	\N	\N	15	\N	\N	\N	\N	t	t	0	2026-02-23 16:37:20.701348	2026-02-23 16:37:20.701348	\N	\N
e93b0018-69ea-406a-85d5-05d0f02b37cd	fb382836-e973-4917-b820-f684ca266dbc	\N	\N	PADI Wreck Diver Specialty	WRECK	Explore sunken ships and other fascinating underwater structures.	2	4	0	4	249.00	USD	f	\N	1	6	t	t	\N	\N	15	\N	\N	\N	\N	t	t	0	2026-02-23 16:37:20.85357	2026-02-23 16:37:20.85357	\N	\N
8c0f9af8-a1d6-4775-8880-4ab4aafeeef7	fb382836-e973-4917-b820-f684ca266dbc	\N	\N	PADI Night Diver Specialty	NIGHT	Discover a completely different world after dark.	1	2	0	3	199.00	USD	f	\N	1	6	t	t	\N	\N	15	\N	\N	\N	\N	t	t	0	2026-02-23 16:37:21.009002	2026-02-23 16:37:21.009002	\N	\N
6727aa23-c2c7-4fa0-a174-229b04bd2bde	fb382836-e973-4917-b820-f684ca266dbc	\N	\N	PADI Underwater Photographer	UWP	Capture the beauty of the underwater world on camera.	2	4	0	2	199.00	USD	f	\N	1	6	t	t	\N	\N	10	\N	\N	\N	\N	t	t	0	2026-02-23 16:37:21.163595	2026-02-23 16:37:21.163595	\N	\N
508d8700-7e42-42cb-a88b-0fa914258c76	fb382836-e973-4917-b820-f684ca266dbc	\N	\N	PADI Drift Diver Specialty	DRIFT	Learn to use ocean currents as a natural underwater conveyor belt.	1	2	0	2	199.00	USD	f	\N	1	6	t	t	\N	\N	15	\N	\N	\N	\N	t	t	0	2026-02-23 16:37:21.317995	2026-02-23 16:37:21.317995	\N	\N
f558d553-37f6-4215-9111-1d5ac15d7600	fb382836-e973-4917-b820-f684ca266dbc	\N	\N	PADI Peak Performance Buoyancy	PPB	Fine-tune your buoyancy skills for effortless diving.	1	2	2	2	149.00	USD	f	\N	1	6	t	t	\N	\N	10	\N	\N	\N	\N	t	t	0	2026-02-23 16:37:21.473878	2026-02-23 16:37:21.473878	\N	\N
fd74597a-9d99-430c-b885-33002cf538b7	fb382836-e973-4917-b820-f684ca266dbc	\N	\N	SSI Open Water Diver	SSI-OWD	Start your diving journey with SSI's comprehensive open water course.	4	8	4	4	379.00	USD	f	\N	1	8	t	t	\N	\N	10	\N	\N	\N	\N	t	t	0	2026-02-23 16:37:21.629001	2026-02-23 16:37:21.629001	\N	\N
8fc6d22e-aea6-46e0-9379-7319ead94829	fb382836-e973-4917-b820-f684ca266dbc	\N	\N	Try Scuba Experience	TRY	Experience scuba diving for the first time in a safe, supervised environment.	0	1	1	0	99.00	USD	f	\N	1	4	t	t	\N	\N	8	\N	\N	\N	\N	t	t	0	2026-02-23 16:37:21.954316	2026-02-23 16:37:21.954316	\N	\N
b4a88cc2-fbc8-4dc3-82bc-4df5341e9cb3	fb382836-e973-4917-b820-f684ca266dbc	\N	\N	TDI Advanced Nitrox	ADV-NOX	Use oxygen-enriched air up to 100% for technical diving.	2	8	4	4	399.00	USD	f	\N	1	4	t	t	\N	\N	18	\N	\N	\N	\N	t	t	0	2026-02-23 16:37:21.799259	2026-02-23 16:37:21.799259	\N	\N
\.


--
-- Data for Name: training_sessions; Type: TABLE DATA; Schema: public; Owner: -
--

COPY public.training_sessions (id, organization_id, course_id, start_date, end_date, start_time, location, meeting_point, instructor_id, instructor_name, max_students, price_override, status, notes, enrolled_count, completed_count, created_at, updated_at) FROM stdin;
b1178873-cacd-4705-b924-94d369ec3ab3	fb382836-e973-4917-b820-f684ca266dbc	f0c012de-913d-433d-9c18-e1ac2514a05c	2025-12-20	2025-12-23	08:00:00	Main Dive Center	\N	\N	Captain Rodriguez	8	\N	scheduled	Completed successfully. 6 students certified.	0	0	2026-02-23 16:37:28.724533	2026-02-23 16:37:28.724533
eacff34c-3f71-451d-8a29-b839b397ed0e	fb382836-e973-4917-b820-f684ca266dbc	5f79d234-ecf2-4019-bee2-1b2f84b89053	2025-12-30	2026-01-01	08:30:00	Main Dive Center	\N	\N	Sarah Mitchell	6	\N	scheduled	All students passed. Great conditions.	0	0	2026-02-23 16:37:28.878143	2026-02-23 16:37:28.878143
46ac3846-18fc-4f8c-9115-e7a60361b1bf	fb382836-e973-4917-b820-f684ca266dbc	3b0a662d-a20b-4ac4-86ff-ea68c8c6b8ef	2026-01-09	2026-01-11	08:00:00	Main Dive Center	\N	\N	James Kowalski	6	\N	scheduled	Strong group. All certified.	0	0	2026-02-23 16:37:29.036818	2026-02-23 16:37:29.036818
a72d7ca9-a758-4465-beb7-84f6baed61c4	fb382836-e973-4917-b820-f684ca266dbc	ab5e1460-da82-4acc-a308-ceb3cf3749a6	2026-01-19	2026-01-19	09:00:00	Classroom B	\N	\N	Sarah Mitchell	8	\N	scheduled	Theory only course. All passed written exam.	0	0	2026-02-23 16:37:29.190185	2026-02-23 16:37:29.190185
bd7bc4be-0690-4cf5-b52c-7760e7fae263	fb382836-e973-4917-b820-f684ca266dbc	8c0f9af8-a1d6-4775-8880-4ab4aafeeef7	2026-01-29	2026-01-30	07:30:00	Blue Hole Dive Site	\N	\N	Captain Rodriguez	6	\N	scheduled	Excellent visibility. 4 students certified.	0	0	2026-02-23 16:37:29.344493	2026-02-23 16:37:29.344493
0179f211-3937-4b1a-b662-b80ca441773f	fb382836-e973-4917-b820-f684ca266dbc	dfdad51e-c0bf-45c2-b5b0-73bbe7685b20	2026-02-08	2026-02-09	07:00:00	SS Thistlegorm Wreck	\N	\N	James Kowalski	6	\N	scheduled	Amazing wreck dive. 5 students completed.	0	0	2026-02-23 16:37:29.500949	2026-02-23 16:37:29.500949
1ad6b5f5-5899-4263-bf71-2fe83586210d	fb382836-e973-4917-b820-f684ca266dbc	f0c012de-913d-433d-9c18-e1ac2514a05c	2026-03-02	2026-03-05	08:00:00	Main Dive Center	\N	\N	Captain Rodriguez	8	\N	scheduled	\N	0	0	2026-02-23 16:37:29.651867	2026-02-23 16:37:29.651867
debbf515-eddc-4d99-86db-05b1b1f13e99	fb382836-e973-4917-b820-f684ca266dbc	f0c012de-913d-433d-9c18-e1ac2514a05c	2026-03-30	2026-04-02	08:00:00	Main Dive Center	\N	\N	Sarah Mitchell	8	\N	scheduled	\N	0	0	2026-02-23 16:37:29.811116	2026-02-23 16:37:29.811116
3b964e16-788a-427f-b1b5-28d98850866a	fb382836-e973-4917-b820-f684ca266dbc	f0c012de-913d-433d-9c18-e1ac2514a05c	2026-04-29	2026-05-02	08:00:00	Main Dive Center	\N	\N	Captain Rodriguez	8	\N	scheduled	\N	0	0	2026-02-23 16:37:29.977647	2026-02-23 16:37:29.977647
d86f0183-bd36-448d-be77-eb4812bff4cb	fb382836-e973-4917-b820-f684ca266dbc	5f79d234-ecf2-4019-bee2-1b2f84b89053	2026-03-09	2026-03-11	08:30:00	Main Dive Center	\N	\N	Sarah Mitchell	6	\N	scheduled	\N	0	0	2026-02-23 16:37:30.126983	2026-02-23 16:37:30.126983
99817f86-9f01-4908-9ebc-df98d4a6f779	fb382836-e973-4917-b820-f684ca266dbc	5f79d234-ecf2-4019-bee2-1b2f84b89053	2026-04-14	2026-04-16	08:30:00	Main Dive Center	\N	\N	James Kowalski	6	\N	scheduled	\N	0	0	2026-02-23 16:37:30.281218	2026-02-23 16:37:30.281218
e4b2b2f2-0e6f-4ffd-9ff6-4184f70b6205	fb382836-e973-4917-b820-f684ca266dbc	3b0a662d-a20b-4ac4-86ff-ea68c8c6b8ef	2026-04-22	2026-04-24	08:00:00	Main Dive Center	\N	\N	Captain Rodriguez	6	\N	scheduled	\N	0	0	2026-02-23 16:37:30.594909	2026-02-23 16:37:30.594909
4b3caea6-2f33-4fe7-a53e-bbae397b366e	fb382836-e973-4917-b820-f684ca266dbc	3b0a662d-a20b-4ac4-86ff-ea68c8c6b8ef	2026-03-16	2026-03-18	08:00:00	Main Dive Center	\N	\N	James Kowalski	6	\N	scheduled	\N	0	0	2026-02-23 16:37:30.436159	2026-02-23 16:37:30.436159
1c1e5e00-8a53-41f8-af1f-d7f2fb840889	fb382836-e973-4917-b820-f684ca266dbc	ab5e1460-da82-4acc-a308-ceb3cf3749a6	2026-04-09	2026-04-09	09:00:00	Classroom A	\N	\N	Sarah Mitchell	8	\N	scheduled	\N	0	0	2026-02-23 16:37:30.916813	2026-02-23 16:37:30.916813
dbbe9ca4-75aa-49ae-8c23-2702ac8a8a1d	fb382836-e973-4917-b820-f684ca266dbc	be0243eb-018a-43ab-8097-3ea27b515593	2026-03-13	2026-03-14	09:00:00	Coral Garden Reef	\N	\N	Sarah Mitchell	6	\N	scheduled	\N	0	0	2026-02-23 16:37:31.397507	2026-02-23 16:37:31.397507
981c4579-c4a2-4da7-9db2-ac38498d83a5	fb382836-e973-4917-b820-f684ca266dbc	ab5e1460-da82-4acc-a308-ceb3cf3749a6	2026-03-05	2026-03-05	09:00:00	Classroom A	\N	\N	Sarah Mitchell	8	\N	scheduled	\N	0	0	2026-02-23 16:37:30.761134	2026-02-23 16:37:30.761134
3c3a454f-3487-4182-ac7a-ed5a67ed54c2	fb382836-e973-4917-b820-f684ca266dbc	dfdad51e-c0bf-45c2-b5b0-73bbe7685b20	2026-04-06	2026-04-07	07:00:00	SS Thistlegorm Wreck	\N	\N	James Kowalski	6	\N	scheduled	\N	0	0	2026-02-23 16:37:31.239073	2026-02-23 16:37:31.239073
6cbde3b8-29bd-47ab-a5ed-1b97d0884bf0	fb382836-e973-4917-b820-f684ca266dbc	8c0f9af8-a1d6-4775-8880-4ab4aafeeef7	2026-03-23	2026-03-24	07:30:00	Blue Hole Dive Site	\N	\N	Captain Rodriguez	6	\N	scheduled	\N	0	0	2026-02-23 16:37:31.083188	2026-02-23 16:37:31.083188
bca2a2ca-887f-4684-905c-24fe8d398573	fb382836-e973-4917-b820-f684ca266dbc	f558d553-37f6-4215-9111-1d5ac15d7600	2026-03-07	2026-03-07	18:00:00	Night Dive Beach	\N	\N	James Kowalski	6	\N	scheduled	\N	0	0	2026-02-23 16:37:31.56897	2026-02-23 16:37:31.56897
63d4ceee-0a8b-40eb-b34c-66a48b12a5d7	fb382836-e973-4917-b820-f684ca266dbc	8fc6d22e-aea6-46e0-9379-7319ead94829	2026-02-26	2026-02-26	10:00:00	Pool - Main Dive Center	\N	\N	Captain Rodriguez	4	\N	scheduled	\N	0	0	2026-02-23 16:37:31.72351	2026-02-23 16:37:31.72351
\.


--
-- Data for Name: training_enrollments; Type: TABLE DATA; Schema: public; Owner: -
--

COPY public.training_enrollments (id, organization_id, session_id, customer_id, status, enrolled_at, completed_at, amount_paid, payment_status, progress, skill_checkoffs, certification_number, certification_date, notes, created_at, updated_at) FROM stdin;
\.


--
-- PostgreSQL database dump complete
--

\unrestrict V4pb0ASGuXsvrTEeEbWUllztvKEaJxBN4IVbpZHsCxd9bOQopslCYQOVlQQdzCo



COMMIT;
